City,Region,Country,"Internet Price, 2010","Internet Price, 2011","Internet Price, 2012","Internet Price, 2013","Internet Price, 2014","Internet Price, 2015","Internet Price, 2016","Internet Price, 2017","Internet Price, 2018","Internet Price, 2019","Internet Price, 2020"
Austin,Texas,United States of America,15.0,33.8,45.3333333333333,35.6566666666667,51.0,42.3611111111111,50.775306122448995,53.7388888888889,60.28728813559321,61.3574468085106,63.0060606060606
El Paso,Texas,United States of America,0.0,0.0,0.0,0.0,0.0,38.7375,41.1733333333333,52.1666666666667,54.6666666666667,53.99875,75.71428571428571
Memphis,Tennessee,United States of America,0.0,0.0,0.0,0.0,49.993333333333304,53.6425,50.5408333333333,51.7263636363636,56.5,68.25,71.8333333333333
Charlotte,North Carolina,United States of America,31.0,77.5,49.5,40.5,0.0,49.05625,55.3529411764706,48.5282352941177,58.3,56.4081818181818,61.7684615384615
Jacksonville,Florida,United States of America,0.0,0.0,0.0,38.0,57.4,49.4322222222222,70.78571428571429,64.2772222222222,76.2727272727273,61.8861111111111,80.0
Guangzhou,Guangdong,People's Republic of China,0.0,15.4671870170015,20.800627943485104,19.7303921568627,14.1346902635986,0.0,19.0250064685022,14.4322694513899,24.0613164170264,16.5753639273212,18.2141706247461
Nanjing,Jiangsu,People's Republic of China,0.0,0.0,0.0,0.0,0.0,0.0,0.0,0.0,10.2869433750526,9.775383412260501,0.0
Long Beach,California,United States of America,0.0,0.0,0.0,0.0,0.0,0.0,48.85571428571429,53.22222222222221,61.428571428571395,60.62625,67.4975
Oakland,California,United States of America,0.0,0.0,0.0,0.0,0.0,65.0,55.845384615384596,62.6428571428571,72.29444444444441,64.5,65.8181818181818
Thessaloniki,,Greece,20.987654320987602,32.7898550724638,21.331569664903,23.030303030303003,24.946704767088498,20.397692774742,22.7812044079498,24.6691477369242,34.2846602189122,33.9355119795694,35.1151042940572
Sacramento,California,United States of America,0.0,0.0,0.0,38.1666666666667,0.0,52.24,47.79125,58.124375,63.3444827586207,61.04761904761911,58.895
Honolulu,Hawaii,United States of America,22.0,64.5,58.3333333333333,43.8,45.0,46.5,50.9333333333333,50.78571428571429,56.2605882352941,58.3,63.14214285714289
Manchester,England,United Kingdom,14.4927536231884,40.9836065573771,35.384615384615394,27.2727272727273,26.1262770055267,29.8677610579115,25.834061241325802,31.855249745158,36.8033718519855,37.6763445519765,38.2165411505904
Providence,Rhode Island,United States of America,0.0,0.0,0.0,0.0,0.0,0.0,69.0,79.8333333333333,72.4983333333333,0.0,0.0
Brooklyn,New York,United States of America,0.0,0.0,0.0,0.0,0.0,44.28571428571429,50.7663636363636,60.624166666666696,69.738064516129,65.304347826087,68.3333333333333
Tucson,Arizona,United States of America,0.0,0.0,0.0,0.0,0.0,41.3618181818182,49.4782608695652,54.305,71.6506666666667,71.46600000000001,70.5714285714286
Simferopol,Republic of Crimea,Russia,0.0,0.0,0.0,0.0,0.0,0.0,5.70914595299539,0.0,0.0,0.0,0.0
Bucharest,,Romania,9.11942187343257,10.704804454804501,8.86349700210663,9.76759515300732,10.3178404841827,7.754105083209571,8.11829672459667,8.86638612183311,9.42140278532845,9.100649652541449,9.170031664773589
Tirana,Tirana County,Albania,0.0,46.887617267579095,24.351196258873802,22.4740495296723,24.886661806585497,15.8638207718917,16.8911671800718,18.331085757883898,24.5472963471701,21.7251140248249,21.163960171162397
Bath,England,United Kingdom,0.0,0.0,0.0,0.0,0.0,0.0,33.4546513320716,0.0,0.0,0.0,0.0
Bradford,England,United Kingdom,0.0,0.0,0.0,0.0,0.0,0.0,0.0,0.0,0.0,31.958688429871398,0.0
Red Deer,Alberta,Canada,0.0,0.0,0.0,0.0,0.0,56.0693027210884,52.66712812039479,0.0,65.3376621672826,62.189980571174296,56.2367421152008
Bristol,England,United Kingdom,0.0,0.0,0.0,0.0,46.4746273656004,30.2097583219334,30.7165974220858,37.8865103635746,39.4848034326182,40.6906527356477,39.0566795486637
Nashville,Tennessee,United States of America,0.0,0.0,45.0,45.6,49.9983333333333,53.1326666666667,56.9166666666667,55.94952380952379,68.62526315789471,67.8557142857143,71.9958333333333
Salt Lake City,Utah,United States of America,0.0,0.0,53.33,54.1666666666667,55.56428571428571,41.5625,46.4336,54.875,58.6666666666667,61.15,63.4117647058824
Ulaanbaatar,,Mongolia,0.0,0.0,0.0,36.3851611356572,0.0,30.247866066965603,0.0,13.486444473269598,0.0,16.1795793144077,0.0
Edinburgh,Scotland,United Kingdom,0.0,33.3333333333333,23.076923076923105,29.5454545454545,29.6544409088372,32.4243806049552,31.9747583905394,36.4742609582059,41.0527898402679,36.8962432915921,38.248373102698395
Marseille,,France,0.0,0.0,0.0,0.0,0.0,25.5009107468124,31.0099519430885,34.7066726377071,37.3635927180246,26.1926615773803,0.0
Atlanta,Georgia,United States of America,38.0,57.0,44.25,48.77777777777779,49.0,50.4845454545455,48.8497727272727,55.650930232558096,64.0904545454545,67.8965517241379,65.57058823529411
Podgorica,Podgorica Municipality,Montenegro,0.0,0.0,0.0,0.0,0.0,25.1366120218579,20.433647406062,26.8696820420958,30.8400482696874,25.142199804717396,24.2917094217622
Wellington,Wellington Region,New Zealand,40.8163265306122,66.11570247933889,53.98496240601499,91.8,72.9384305532027,59.617801553285396,59.400726439131695,59.226558475942106,56.1531489307803,54.439387112515,51.3843361206152
Las Vegas,Nevada,United States of America,21.6666666666667,30.0,37.995,50.0,41.6666666666667,49.0995,55.2496875,59.4666666666667,64.5839622641509,71.7971698113208,76.09
Valletta,,Malta,0.0,0.0,0.0,0.0,0.0,0.0,23.8392553070723,0.0,0.0,0.0,0.0
Vancouver,British Columbia,Canada,39.262820512820504,48.5681557846506,40.1837725381415,47.571428571428605,45.0294822185369,44.902804871948796,46.526258205689295,50.879013815814105,58.53127672194861,52.99568291725701,59.41233174585
Liverpool,England,United Kingdom,0.0,0.0,36.1538461538462,0.0,0.0,39.874347671885296,27.187363517251395,28.350110431532396,36.120744393151604,35.848883169409,37.5604527231535
Albany,New York,United States of America,0.0,0.0,0.0,0.0,0.0,0.0,59.8,60.0,67.2188888888889,75.665,68.0
Bremen,,Germany,0.0,0.0,0.0,0.0,0.0,27.304189435337,34.0560790101033,0.0,32.114912997781204,35.383879200340296,0.0
Uppsala,Uppsala County,Sweden,0.0,0.0,0.0,0.0,0.0,0.0,0.0,36.208231751039705,33.517086832449195,32.975325541399,0.0
Gothenburg,Vastra Gotaland County,Sweden,0.0,30.9856331440027,26.6162310866575,0.0,0.0,23.8139708629062,30.9528783800945,27.783354844877895,31.643226323720498,34.618587687978,33.9016994525128
Kosice,Kosice Region,Slovakia,0.0,0.0,0.0,0.0,0.0,16.1748633879781,18.7737288883844,19.998320644872397,22.4857473485291,17.8945875961704,0.0
Funchal,Madeira,Portugal,0.0,0.0,0.0,0.0,0.0,0.0,0.0,0.0,0.0,0.0,32.5660729435499
Batumi,Adjara,Georgia,0.0,0.0,0.0,0.0,0.0,0.0,0.0,0.0,0.0,12.118491921005399,14.4950287807431
Trondheim,Trondelag,Norway,0.0,46.641791044776106,54.20324356494571,55.171574592358205,49.951531260020396,44.8882555575722,0.0,46.070205580202206,75.67045784290829,58.0839343524932,0.0
Jersey City,New Jersey,United States of America,0.0,0.0,0.0,0.0,0.0,49.0,56.0,52.2,66.11,69.5,59.1666666666667
Bergen,Vestland,Norway,0.0,0.0,50.317282568122394,0.0,49.87739169599811,40.4722071975748,42.485751479548895,50.40951293849071,52.6371325537338,53.9797911871881,50.6661146140139
Martin,Zilina region,Slovakia,0.0,0.0,0.0,0.0,0.0,0.0,17.4821205585197,0.0,0.0,0.0,0.0
Baton Rouge,Louisiana,United States of America,0.0,0.0,0.0,0.0,0.0,56.598,0.0,60.596000000000004,67.1818181818182,70.3333333333333,66.2842857142857
Lincoln,Nebraska,United States of America,0.0,0.0,0.0,0.0,0.0,50.8,0.0,0.0,57.0,72.0,0.0
Springfield,Illinois,United States of America,0.0,0.0,0.0,0.0,0.0,0.0,0.0,0.0,71.8571428571429,0.0,0.0
Saint Paul,Minnesota,United States of America,0.0,0.0,0.0,0.0,0.0,44.75,36.6,53.0,62.0555555555556,60.0,0.0
Chengdu,Sichuan,People's Republic of China,0.0,0.0,0.0,0.0,0.0,0.0,0.0,11.8890032847968,19.8118909445458,13.8738034206601,0.0
Heredia,Heredia Province,Costa Rica,0.0,0.0,0.0,0.0,0.0,0.0,0.0,0.0,0.0,0.0,41.665586285324004
Burlington,Vermont,United States of America,0.0,0.0,0.0,0.0,0.0,0.0,57.6655555555556,67.3333333333333,53.6,0.0,0.0
Krakow,Lesser Poland Voivodeship,Poland,0.0,21.400132714001302,14.5076674737692,15.758709375730698,16.383458399442198,12.6916280976865,12.3822569551933,13.4322778763766,14.0581051283017,14.123506262725101,13.8972719466697
Little Rock,Arkansas,United States of America,0.0,0.0,0.0,0.0,48.6666666666667,48.8,45.81923076923079,53.1666666666667,54.1666666666667,67.9975,55.8333333333333
Hartford,Connecticut,United States of America,19.996666666666698,0.0,0.0,0.0,0.0,0.0,52.998000000000005,0.0,65.8333333333333,0.0,0.0
Nice,,France,0.0,0.0,0.0,0.0,36.73697101646479,35.21554341226471,28.3638486612717,0.0,28.144341936237304,30.7819740759811,34.143347131699
Fargo,North Dakota,United States of America,0.0,0.0,0.0,0.0,0.0,0.0,0.0,0.0,60.3333333333333,0.0,0.0
Thunder Bay,Ontario,Canada,0.0,0.0,0.0,0.0,0.0,0.0,0.0,0.0,56.9529258601011,59.6207284026991,0.0
Barrie,Ontario,Canada,0.0,0.0,0.0,58.65384615384621,0.0,51.4190051020408,0.0,0.0,0.0,60.606194987867696,0.0
Oxford,England,United Kingdom,0.0,0.0,0.0,41.792929292929294,0.0,33.161068044789,32.828650458582004,33.9258409785933,45.7113351290726,40.12891809909,45.40274504996571
Burlington,Ontario,Canada,0.0,0.0,0.0,0.0,0.0,0.0,0.0,0.0,57.639756537817796,55.8020453851709,0.0
New Orleans,Louisiana,United States of America,0.0,0.0,0.0,39.6666666666667,0.0,55.60125,67.35714285714289,58.571428571428605,74.0218181818182,68.7283333333333,73.6583333333333
Johannesburg,Gauteng,South Africa,0.0,84.2899159663866,62.19117647058821,85.68588469184891,65.02287822568279,63.019118334257094,57.103095399822294,67.49985852565479,74.9337523337747,64.6702967625683,54.414399738904294
Kingston,Surrey County,Jamaica,0.0,0.0,0.0,30.5338809034908,24.598032157427397,0.0,32.012830742561604,0.0,41.9562399124567,36.0943960425281,0.0
Salzburg,Salzburg,Austria,0.0,0.0,0.0,0.0,0.0,0.0,0.0,28.9222271980893,0.0,34.4758109650988,0.0
Dayton,Ohio,United States of America,0.0,0.0,0.0,0.0,0.0,0.0,56.75,50.711428571428605,62.141428571428605,59.24875,61.6566666666667
Albuquerque,New Mexico,United States of America,0.0,0.0,0.0,56.198,0.0,42.0,51.0,83.6,65.47,63.499285714285705,76.1111111111111
Santo Domingo,,Dominican Republic,0.0,0.0,0.0,72.6779995072678,74.68439930160041,49.506215399590396,51.4154630712315,48.6237384523388,61.3920543504175,55.345911949685494,45.022171316364
Oklahoma City,Oklahoma,United States of America,0.0,0.0,0.0,53.3333333333333,44.8,50.898999999999994,62.3333333333333,66.4271428571429,70.12375,73.4536363636364,63.7911111111111
Brisbane,Queensland,Australia,46.610169491525404,55.31914893617021,53.398058252427205,68.8873626373626,68.5656100818556,54.4352597740688,51.9389922947649,54.868776656152804,57.400111825516205,52.9062751556419,51.6924185762951
Kuwait City,,Kuwait,0.0,0.0,0.0,66.6666666666667,0.0,55.486798679868,42.6073483842408,0.0,27.3959716069728,24.0028524010995,22.040382422846303
Colombo,Western Province,Sri Lanka,0.0,21.345,23.9839567692476,19.2209847928091,11.069957417929098,42.427183258059294,17.5212183859134,17.2423884150415,16.0590236272659,15.876477982958601,17.4231677124948
Almaty,,Kazakhstan,0.0,0.0,32.250252429635204,27.827346004160198,21.692750498194,21.0878571727273,11.900483183598098,12.3076510898605,12.4657080722378,11.547560681657501,11.3361705814924
Osaka,Osaka Prefecture,Japan,0.0,0.0,0.0,0.0,0.0,34.4516775162744,0.0,0.0,40.588829571276,48.0258600785038,0.0
Boise,Idaho,United States of America,0.0,0.0,0.0,42.4975,0.0,47.22222222222221,46.0666666666667,53.3888888888889,57.8571428571429,57.0833333333333,63.91339781120111
Izmir,Izmir Province,Turkey,0.0,0.0,31.8279569892473,30.8862433862434,25.8700258700259,19.4631843347668,18.7323066904174,17.1145141259425,17.4899287821417,14.364056269533,14.835711305991499
Lviv,Lviv Oblast,Ukraine,0.0,0.0,0.0,7.25538971807629,4.18766258572702,3.0961825630208906,2.98825568329453,3.6776544579132904,4.05607984352611,4.39239096284202,5.04327873107734
Minneapolis,Minnesota,United States of America,0.0,0.0,52.598,43.998000000000005,52.198,47.803043478260896,50.531000000000006,49.6078260869565,58.785,56.5,63.0625
Calgary,,Canada,44.471153846153896,44.6735395189003,56.634304207119705,48.0332167832168,54.752691568612,42.937233032748,47.122438527997396,48.103704200329,58.7342311378942,58.563853984894294,55.974498240052206
Aberdeen,Scotland,United Kingdom,0.0,0.0,28.842307692307703,31.6666666666667,0.0,30.7554339565283,34.7616505718122,39.2456676860347,38.4611813948677,41.7087967644085,32.401049876566404
Porto,,Portugal,0.0,28.9855072463768,27.5634118967452,29.2207792207792,31.4651653286161,25.196721311475397,29.1633556589851,29.892521271831605,34.423182796416505,34.3743478012824,35.328121277169
Cork,,Ireland,0.0,0.0,49.691358024691404,0.0,35.7191454619676,44.178226145439304,45.029704468914396,52.5806090461263,58.58538674140679,54.507211012014,49.2409300168153
Salvador,Bahia,Brazil,0.0,0.0,0.0,0.0,0.0,21.0407310868951,0.0,24.272949315047697,36.8722135682441,39.1779635103455,18.788031743361103
Tallahassee,Florida,United States of America,0.0,0.0,0.0,0.0,0.0,0.0,57.998000000000005,0.0,61.06399999999999,72.0,74.1666666666667
Auckland,Auckland Region,New Zealand,33.193499622071,82.64462809917359,65.0375939849624,76.17777777777779,75.94655260037271,59.646635198417904,59.5623022846026,61.8476842987986,59.9248428596404,54.533372717597,49.5815013176525
Cleveland,Ohio,United States of America,0.0,0.0,0.0,0.0,0.0,51.998999999999995,45.0833333333333,48.6354545454545,55.4490909090909,60.7881818181818,61.665
Lublin,Lublin Voivodeship,Poland,0.0,0.0,0.0,0.0,0.0,12.6105078716118,8.709815090625629,12.781471028418,0.0,0.0,0.0
Milwaukee,Wisconsin,United States of America,0.0,40.0,0.0,43.3333333333333,40.0,39.4975,49.627272727272704,58.0666666666667,57.3888888888889,60.9,63.8877777777778
Yangon,Yangon Region,Myanmar,0.0,0.0,0.0,116.666666666667,0.0,0.0,0.0,0.0,0.0,0.0,0.0
Columbia,South Carolina,United States of America,0.0,0.0,0.0,0.0,44.0,0.0,51.56428571428571,74.4285714285714,58.598,61.1666666666667,0.0
Turku,,Finland,0.0,0.0,0.0,0.0,0.0,23.743169398907103,21.875354750823004,20.3313927451858,26.692914699454498,0.0,22.9910908131387
Adana,Adana Province,Turkey,0.0,0.0,0.0,0.0,0.0,0.0,16.7983968281331,17.908620040914602,14.006533164426301,15.182521014235801,13.2198968260497
Santa Fe,New Mexico,United States of America,0.0,0.0,0.0,0.0,0.0,0.0,0.0,0.0,64.0,75.0,0.0
Suva,Central Division,Fiji,0.0,0.0,0.0,0.0,0.0,0.0,0.0,0.0,0.0,36.6317445574045,0.0
Leeds,England,United Kingdom,14.5579710144928,0.0,38.4615384615385,0.0,35.1699882766706,30.568644339734202,31.3873926335711,33.940320637568306,46.2980992339473,32.0188742837883,37.147700495426506
Port of Spain,,Trinidad and Tobago,0.0,0.0,0.0,42.260961436872705,0.0,32.5845917556899,32.047898411932394,37.58467711697261,44.56405436636379,46.937615775762204,49.6553625055877
Sochi,Krasnodar Krai,Russia,0.0,0.0,0.0,0.0,0.0,0.0,0.0,0.0,0.0,7.509158628048719,0.0
Anchorage,Alaska,United States of America,0.0,0.0,0.0,78.5,0.0,83.3333333333333,107.33,100.0,109.083333333333,134.363636363636,109.553333333333
Des Moines,Iowa,United States of America,0.0,0.0,0.0,0.0,0.0,39.80125,45.15,66.5,62.8,70.0,81.994
Hobart,Tasmania,Australia,0.0,0.0,0.0,0.0,0.0,0.0,0.0,0.0,0.0,52.64375795441399,57.82103448554071
Manaus,Amazonas,Brazil,0.0,0.0,0.0,0.0,0.0,0.0,31.7012017637396,41.7494728218821,47.2686254498577,29.660585057588396,23.679774668249504
Porto Alegre,Rio Grande do Sul,Brazil,0.0,52.183544303797504,34.482758620689694,38.862928348909705,32.71706850306639,24.303091207905503,26.246712863632197,34.5777152974082,35.2913331900951,31.1261630421018,21.8445921314601
Buffalo,New York,United States of America,0.0,0.0,0.0,0.0,54.0,61.4,44.75,63.49875,69.79933333333331,58.749166666666696,73.1818181818182
Bursa,Bursa Province,Turkey,0.0,0.0,0.0,0.0,31.142253364475604,21.014978761457602,18.4235476641958,18.172536546780698,14.1231171165392,14.6951009907886,16.0842078050271
Tampere,,Finland,0.0,0.0,0.0,29.2207792207792,0.0,16.2431693989071,0.0,27.5190326914465,27.930242516252104,29.849186982769602,0.0
Raleigh,North Carolina,United States of America,0.0,0.0,42.0,41.8,55.0,46.243333333333304,48.2105263157895,56.73684210526321,57.4086363636364,54.83222222222221,58.1658333333333
Bydgoszcz,Kuyavian-Pomeranian Voivodeship,Poland,0.0,0.0,0.0,0.0,0.0,0.0,15.4599217858605,0.0,15.4669624779607,13.6136031712915,14.504333232288198
Nottingham,England,United Kingdom,0.0,0.0,40.2564102564103,25.2525252525252,0.0,32.9330698687744,26.9034794002038,27.607883112470304,34.482438491950305,42.2143579373104,35.279996664962
Linz,Upper Austria,Austria,0.0,0.0,0.0,0.0,0.0,21.844262295082,22.7040526734022,25.3022839229736,31.030513338115803,30.851933107972002,33.5681059571976
Mykolaiv,Mykolaiv Oblast,Ukraine,0.0,0.0,0.0,0.0,0.0,0.0,0.0,0.0,3.6624970958890803,4.04070390711329,4.3715305394379405
Haifa,Haifa District,Israel,0.0,0.0,25.128205128205103,24.456521739130398,23.5862624403153,19.3633335915111,22.8011000777447,23.0414094322585,24.4777621571769,26.2834493808328,22.2710790052251
Kansas City,Missouri,United States of America,38.3333333333333,45.0,43.3333333333333,43.75,36.0,45.3325,49.5985,58.246875,56.4117647058824,65.4545454545455,62.5833333333333
Beersheba,Southern District,Israel,0.0,0.0,0.0,0.0,0.0,22.2678336302378,0.0,0.0,0.0,0.0,0.0
Isfahan,Isfahan Province,Iran,0.0,0.0,0.0,0.0,0.0,0.0,0.0,0.0,22.888256955992897,0.0,0.0
Kharkiv,Kharkiv Oblast,Ukraine,0.0,0.0,12.467972256222,8.95522388059702,8.31953818073772,4.617085802994049,3.7724491518557595,4.708753891070099,5.22785900765956,5.513705407946169,6.03924456512159
Sheffield,England,United Kingdom,0.0,0.0,0.0,0.0,0.0,0.0,29.615456606285,29.8165137614679,31.347671356318497,33.0019098977643,35.49669158451871
York,England,United Kingdom,0.0,0.0,0.0,0.0,0.0,0.0,30.7347018003591,0.0,0.0,0.0,0.0
Suzhou,Jiangsu,People's Republic of China,0.0,0.0,0.0,0.0,0.0,0.0,0.0,0.0,0.0,10.861537124733902,0.0
Olympia,Washington,United States of America,0.0,0.0,0.0,0.0,0.0,0.0,0.0,0.0,81.3333333333333,99.0,0.0
Belo Horizonte,Minas Gerais,Brazil,0.0,69.620253164557,40.012315270936,41.6588785046729,30.277860999381698,20.801275005495697,24.6404795527249,38.0596474016988,34.5158628233237,28.8684257466109,22.4559042090799
Cincinnati,Ohio,United States of America,0.0,0.0,0.0,61.6666666666667,0.0,42.8886666666667,44.3333333333333,62.070714285714295,50.2135714285714,55.1653333333333,57.454545454545496
Omaha,Nebraska,United States of America,0.0,0.0,0.0,31.6666666666667,0.0,62.328333333333305,54.24875,63.9554545454545,74.23076923076921,70.7272727272727,81.6625
Fresno,California,United States of America,0.0,0.0,0.0,0.0,0.0,0.0,56.142857142857196,55.6225,77.0,65.8877777777778,0.0
Plymouth,England,United Kingdom,0.0,0.0,0.0,0.0,0.0,0.0,0.0,0.0,0.0,0.0,31.575545421112498
Richmond,Virginia,United States of America,34.0,0.0,36.3333333333333,56.6666666666667,70.0,58.0,64.8453846153846,75.0,49.35,72.1666666666667,62.5555555555556
Chandigarh,,India,23.0083405234397,18.5275800711744,17.3364153627312,21.5929203539823,27.6017928772728,34.9351080368216,27.949207155978698,21.7435196545887,13.344981845669599,11.777129756183902,15.2741342978001
Plzen,,Czech Republic,0.0,0.0,0.0,0.0,0.0,0.0,0.0,0.0,0.0,16.4197936291201,0.0
Fortaleza,Ceara,Brazil,0.0,0.0,0.0,0.0,0.0,26.426530163615197,21.161581437093698,33.7166436579335,29.542890906161,25.940271124248298,17.868882595054
Derby,England,United Kingdom,0.0,0.0,0.0,0.0,0.0,0.0,25.622361333527397,33.8939857288481,0.0,37.9170879676441,0.0
Guayaquil,Guayas Province,Ecuador,0.0,0.0,0.0,0.0,0.0,40.8571428571429,34.6,51.075,41.5714285714286,43.1818181818182,47.9
Louisville,Kentucky,United States of America,0.0,0.0,0.0,43.3333333333333,0.0,48.25,55.999166666666696,52.1111111111111,59.1818181818182,53.498000000000005,52.6
Madison,Wisconsin,United States of America,0.0,0.0,0.0,31.2475,37.5,45.454545454545496,50.9375,57.254615384615406,53.0909090909091,55.1335,57.2211111111111
Salem,Oregon,United States of America,0.0,0.0,0.0,0.0,0.0,0.0,0.0,0.0,65.4444444444444,60.8333333333333,69.8
Markham,Ontario,Canada,0.0,0.0,0.0,0.0,0.0,0.0,0.0,0.0,43.730792214169796,46.1937461797772,52.2059566268056
La Plata,Buenos Aires Province,Argentina,0.0,0.0,0.0,0.0,0.0,0.0,0.0,0.0,0.0,40.2962366313152,0.0
Brampton,Ontario,Canada,0.0,0.0,0.0,0.0,0.0,0.0,43.8939251849536,0.0,52.917933435634005,39.203338957883894,48.320862180159594
Cordoba,Cordoba Province,Argentina,0.0,0.0,0.0,0.0,0.0,0.0,33.8042937821771,54.36778949833901,42.6615121651577,27.967959905132698,25.1587590229983
Mendoza,Mendoza,Argentina,0.0,0.0,0.0,0.0,0.0,0.0,0.0,0.0,56.752931121972104,0.0,27.0303983870887
Tulsa,Oklahoma,United States of America,0.0,0.0,0.0,0.0,0.0,47.0,59.4536363636364,77.55555555555559,73.5335,66.2727272727273,69.0
Coimbra,Coimbra,Portugal,0.0,28.9855072463768,23.765432098765398,29.8701298701299,24.9013471220574,0.0,30.877511635827,32.6395391442413,50.3605628868387,0.0,34.2361279662961
Espoo,Uusimaa,Finland,0.0,0.0,0.0,0.0,0.0,0.0,20.206606879328,0.0,18.962396356417102,0.0,21.1317628878146
Oulu,,Finland,0.0,0.0,0.0,0.0,18.097700367396897,0.0,14.540053732924699,0.0,29.910662151115304,22.079070496317396,0.0
Palo Alto,California,United States of America,0.0,0.0,0.0,0.0,0.0,0.0,0.0,0.0,0.0,75.8,0.0
Charleston,South Carolina,United States of America,0.0,0.0,0.0,0.0,0.0,0.0,58.9983333333333,53.75,74.99285714285709,61.6616666666667,0.0
Lucknow,Uttar Pradesh,India,0.0,0.0,0.0,0.0,0.0,23.581197924854603,18.1165397409095,13.5896997841179,11.012237697244599,9.27522461944337,8.14835558830973
Dnipro,Dnipropetrovsk Oblast,Ukraine,0.0,0.0,0.0,7.21393034825871,4.03241461861709,3.7661699105458903,3.5329182780512203,4.22582669040671,4.71092381514529,5.02240426005641,5.34314076407897
Medellin,Antioquia Department,Colombia,0.0,0.0,35.0,25.652112923023,0.0,29.243187477802,25.170345610710395,29.880859906988,40.259352587710794,37.7436137502246,30.0187042084095
Kayseri,Kayseri Province,Turkey,0.0,0.0,0.0,0.0,0.0,0.0,0.0,0.0,0.0,0.0,15.4888228220465
Recife,Pernambuco,Brazil,0.0,0.0,0.0,0.0,31.1197626165722,26.2448351510312,24.8291148028893,36.1029779874691,36.0781364702512,30.6458736792036,20.735381633842103
Amritsar,Punjab,India,0.0,0.0,0.0,0.0,0.0,0.0,0.0,0.0,20.818617792483,0.0,0.0
San Luis Obispo,California,United States of America,0.0,0.0,0.0,0.0,0.0,0.0,0.0,0.0,0.0,64.2,0.0
Cambridge,Massachusetts,United States of America,0.0,0.0,0.0,0.0,0.0,0.0,0.0,0.0,64.4285714285714,68.75,67.4975
New Haven,Connecticut,United States of America,0.0,0.0,0.0,0.0,0.0,0.0,50.8333333333333,0.0,0.0,0.0,0.0
Stamford,Connecticut,United States of America,0.0,0.0,0.0,0.0,0.0,0.0,0.0,0.0,63.0,0.0,0.0
Portland,Maine,United States of America,0.0,0.0,0.0,0.0,0.0,53.5,43.99,49.0,0.0,61.3725,0.0
Rochester,New York,United States of America,0.0,0.0,0.0,0.0,0.0,47.4983333333333,51.0909090909091,54.22222222222221,54.198,59.11,63.0
Irvine,California,United States of America,0.0,0.0,0.0,0.0,0.0,47.1428571428571,55.875,66.125,66.25,65.0,70.99571428571429
Fremont,California,United States of America,0.0,0.0,0.0,0.0,0.0,0.0,41.4983333333333,0.0,49.1666666666667,53.2,65.71428571428571
Scottsdale,Arizona,United States of America,0.0,0.0,0.0,0.0,0.0,0.0,0.0,0.0,85.4285714285714,0.0,81.25
Reno,Nevada,United States of America,0.0,0.0,0.0,0.0,24.0,48.099,46.5555555555556,49.845384615384596,62.88117647058821,59.1666666666667,59.84615384615379
Winston-Salem,North Carolina,United States of America,0.0,0.0,0.0,0.0,0.0,0.0,0.0,0.0,0.0,45.0,0.0
Durham,North Carolina,United States of America,0.0,0.0,0.0,0.0,0.0,0.0,0.0,0.0,0.0,58.3311111111111,67.0
Orlando,Florida,United States of America,0.0,38.3333333333333,44.165,57.996,54.1666666666667,54.8420833333333,57.6648275862069,56.3734782608696,61.27425,65.16233333333331,67.0792
Greensboro,North Carolina,United States of America,0.0,0.0,0.0,0.0,0.0,43.6,51.1111111111111,51.0,0.0,58.3333333333333,61.998000000000005
Toledo,Ohio,United States of America,0.0,0.0,0.0,0.0,0.0,0.0,49.0,69.37375,65.0,65.9,0.0
Lexington,Kentucky,United States of America,0.0,0.0,0.0,0.0,0.0,37.5,45.8,52.5,54.0,67.5,74.9975
Corpus Christi,Texas,United States of America,0.0,0.0,0.0,0.0,0.0,0.0,0.0,0.0,51.412857142857106,71.25,0.0
Riverside,California,United States of America,0.0,0.0,0.0,0.0,0.0,42.6,50.0,0.0,60.5555555555556,54.5,0.0
Aurora,Colorado,United States of America,0.0,0.0,0.0,0.0,0.0,0.0,0.0,0.0,0.0,72.1666666666667,0.0
Anaheim,California,United States of America,0.0,0.0,0.0,0.0,0.0,54.9975,0.0,78.0,0.0,67.5,0.0
Tampa,Florida,United States of America,75.0,20.0,48.142857142857196,50.71428571428571,40.0,49.3483333333333,57.0,55.7079166666667,61.0624242424242,57.799666666666695,62.998461538461505
Bakersfield,California,United States of America,0.0,0.0,0.0,0.0,0.0,0.0,0.0,59.1666666666667,72.4433333333333,82.5,0.0
Colorado Springs,Colorado,United States of America,0.0,0.0,0.0,0.0,0.0,49.0,68.4444444444444,64.28571428571429,61.875,65.27,68.33
Virginia Beach,Virginia,United States of America,0.0,0.0,0.0,0.0,0.0,56.0,59.1666666666667,0.0,0.0,75.0,0.0
Mesa,Arizona,United States of America,0.0,0.0,0.0,0.0,0.0,0.0,0.0,0.0,67.6655555555556,68.125,0.0
Wichita,Kansas,United States of America,0.0,0.0,0.0,0.0,0.0,50.198,54.72222222222221,54.8,69.62375,69.1666666666667,61.1225
Henderson,Nevada,United States of America,0.0,0.0,0.0,0.0,0.0,0.0,0.0,0.0,67.8,0.0,0.0
Fort Wayne,Indiana,United States of America,0.0,0.0,0.0,0.0,0.0,0.0,45.0,0.0,0.0,53.3333333333333,0.0
Lubbock,Texas,United States of America,0.0,0.0,0.0,0.0,0.0,0.0,0.0,61.0,58.125,0.0,63.75
Mississauga,Ontario,Canada,0.0,0.0,0.0,48.0769230769231,43.298937411706895,45.889896137026206,41.4191934979681,46.121591735010796,57.2358898097222,44.387702686279795,52.2059566268056
Cali,Valle del Cauca Department,Colombia,0.0,0.0,0.0,0.0,0.0,33.9220974742503,21.4647921612527,26.0294594028087,37.3037686470522,24.4824902847716,26.358170480760304
Tempe,Arizona,United States of America,0.0,0.0,0.0,0.0,0.0,0.0,0.0,69.158,81.8,73.11,0.0
Plano,Texas,United States of America,0.0,0.0,0.0,0.0,0.0,0.0,57.8,0.0,47.16625,64.0,0.0
Amarillo,Texas,United States of America,0.0,0.0,0.0,0.0,0.0,0.0,0.0,0.0,0.0,46.0,0.0
Chiang Mai,Chiang Mai,Thailand,0.0,22.022980886089897,18.501625249030102,0.0,16.5197623991965,17.913731306389803,17.0649119987908,18.466339898056,24.683406113537103,22.1243791328223,20.0813346026627
Rosario,Santa Fe Province,Argentina,0.0,0.0,0.0,0.0,0.0,0.0,0.0,43.9878090929085,42.5646983414791,36.6939633955341,23.9787146532528
Cuenca,Azuay Province,Ecuador,0.0,0.0,0.0,0.0,0.0,36.723,49.71428571428571,33.2727272727273,41.25,34.61875,44.4
Novi Sad,,Serbia,0.0,26.0869565217391,21.0636934783585,21.2827456299525,18.4723568959193,13.470345273947599,13.3523642893319,15.170109890109902,23.6115885815006,21.5586660008499,23.3102015767361
Punta del Este,Maldonado Department,Uruguay,0.0,0.0,32.920325527321,0.0,0.0,0.0,0.0,0.0,0.0,0.0,0.0
Newcastle,New South Wales,Australia,0.0,0.0,0.0,0.0,0.0,56.2628336755647,0.0,49.7647372259313,68.3997496884315,57.098229781325905,0.0
Chihuahua City,Chihuahua,Mexico,0.0,0.0,0.0,0.0,0.0,0.0,0.0,21.7231463885957,0.0,25.7955321730442,0.0
Navi Mumbai,Maharashtra,India,0.0,0.0,0.0,19.469026548672602,21.4054720272728,22.009118063197604,15.320150774279,15.3757746128877,10.7067177218484,8.27832415675352,14.609415839574302
Barranquilla,Atlantico Department,Colombia,0.0,0.0,0.0,0.0,0.0,0.0,0.0,33.564446186637895,33.921302578019,24.183923330079303,28.791232371292
Jaipur,Rajasthan,India,0.0,0.0,0.0,0.0,25.0669343477274,23.004768642247,15.8969636799371,25.470980166803898,18.2216980016155,11.8122615330837,11.4103544835832
Indore,Madhya Pradesh,India,0.0,0.0,0.0,0.0,28.305920246591,20.1001639454713,13.619898599367499,25.1085881725607,13.21651775572,7.114184822210049,15.1809139977824
Zug,Canton of Zug,Switzerland,0.0,0.0,0.0,0.0,0.0,48.6515071390799,0.0,0.0,0.0,0.0,0.0
Portsmouth,England,United Kingdom,0.0,0.0,0.0,0.0,0.0,0.0,32.144416945698104,0.0,0.0,0.0,0.0
Southampton,England,United Kingdom,0.0,0.0,0.0,0.0,0.0,0.0,28.558256902994103,0.0,37.725113957828,36.4425345466801,0.0
Konya,Konya Province,Turkey,0.0,0.0,0.0,0.0,0.0,0.0,0.0,0.0,0.0,14.790971788079199,16.1576516762829
Huntsville,Alabama,United States of America,0.0,0.0,0.0,0.0,66.6666666666667,0.0,63.6,52.998571428571395,54.3333333333333,59.799,0.0
Mobile,Alabama,United States of America,0.0,0.0,0.0,0.0,0.0,0.0,52.2,51.196000000000005,54.0,56.5555555555556,0.0
Debrecen,Hajdu-Bihar County,Hungary,0.0,0.0,0.0,0.0,0.0,13.089931366305802,11.513582921006998,13.0104083266613,13.4262977294298,16.6282826893991,12.655878179373401
Christchurch,Canterbury Region,New Zealand,48.469387755102,34.797520661156994,48.8721804511278,67.2,60.13891241741489,57.8125100705746,53.9015125113264,61.0153893803224,59.65362927674621,54.2999049098164,48.6552742629194
Patna,Bihar,India,0.0,0.0,0.0,0.0,0.0,0.0,0.0,0.0,0.0,12.571986208541901,12.984425503728302
Shreveport,Louisiana,United States of America,0.0,0.0,0.0,0.0,0.0,0.0,58.7283333333333,0.0,0.0,0.0,0.0
Bhopal,Madhya Pradesh,India,0.0,0.0,0.0,0.0,28.728396668181897,0.0,17.843591873952104,0.0,16.541507119223798,0.0,10.434980759225699
Monterrey,Nuevo Leon,Mexico,0.0,57.59147219821379,29.0360046457607,39.8126463700234,41.445515983722295,29.9505445260463,21.4999272194038,24.359908607095605,26.0460928103258,27.687132982488297,25.1262153811362
Olomouc,,Czech Republic,0.0,0.0,0.0,0.0,0.0,0.0,14.7049555700271,0.0,0.0,0.0,0.0
Szeged,Csongrad-Csanad County,Hungary,0.0,0.0,0.0,0.0,0.0,0.0,0.0,0.0,13.6725361227077,12.8557679087034,15.5643356474528
Giza,Giza Governorate,Egypt,0.0,0.0,0.0,0.0,0.0,0.0,51.7953338213488,0.0,0.0,0.0,0.0
Santos,Sao Paulo,Brazil,0.0,0.0,0.0,0.0,0.0,0.0,0.0,29.728294673604697,31.288607186979604,27.4915344454637,22.059579559369197
Leicester,England,United Kingdom,0.0,0.0,0.0,0.0,0.0,24.6998024015808,23.409521036541,30.156303092082897,37.1349337605619,30.3336703741153,37.1452239820601
Goiania,Goias,Brazil,0.0,0.0,0.0,0.0,0.0,21.8258329931225,34.2949364535001,0.0,35.2425799597739,29.3038426256243,23.2079596090701
Sibiu,Sibiu County,Romania,0.0,0.0,0.0,0.0,0.0,8.70579552213002,8.395882659143961,7.32692420279384,9.52165462302642,9.57866896966997,7.73426220867612
Savannah,Georgia,United States of America,0.0,0.0,0.0,0.0,0.0,0.0,0.0,0.0,69.625,59.5,0.0
London,Ontario,Canada,0.0,0.0,0.0,41.6666666666667,46.680179350162796,42.2512755102041,47.9553269487624,55.508310052910794,47.1936377514909,53.5847455685415,52.2059566268056
Rawalpindi,Punjab,Pakistan,0.0,0.0,0.0,46.2677359654534,0.0,0.0,0.0,0.0,20.2151331221648,20.4276181397249,24.2427952625952
Oradea,,Romania,0.0,0.0,0.0,0.0,0.0,0.0,0.0,10.023266282459801,8.60289847519054,8.4695599310766,8.994660494534461
Cluj-Napoca,Cluj County,Romania,7.522716403634631,11.4219114219114,9.29752066115703,9.231783712495881,10.774994581540101,7.85067107977248,7.912311605833599,8.07058955039311,8.67882873534226,8.31149088722404,8.507688429543741
Leuven,Flemish Region,Belgium,0.0,0.0,0.0,0.0,0.0,0.0,0.0,0.0,62.023953183593505,52.18943786518621,52.996412721811105
Mashhad,Razavi Khorasan Province,Iran,0.0,0.0,0.0,0.0,0.0,0.0,90.6885133025008,0.0,30.569462332241503,26.497119956786605,0.0
Dundee,Scotland,United Kingdom,0.0,0.0,0.0,0.0,0.0,0.0,0.0,0.0,52.254156791647794,37.7365304058934,0.0
Tijuana,Baja California,Mexico,0.0,0.0,0.0,0.0,0.0,28.6287228623565,23.810935778761397,0.0,24.143171513920002,23.412249309230297,21.913770040312702
Port Elizabeth,Eastern Cape,South Africa,0.0,0.0,0.0,0.0,0.0,0.0,45.826931205926,0.0,72.84575086540521,0.0,56.7620810492568
Tangier,Tanger-Tetouan-Al Hoceima,Morocco,0.0,0.0,0.0,0.0,0.0,0.0,0.0,0.0,27.380814473919802,0.0,0.0
Antibes,,France,0.0,0.0,0.0,0.0,0.0,0.0,0.0,0.0,0.0,24.4390218421426,0.0
Mangalore,Karnataka,India,0.0,0.0,0.0,0.0,0.0,0.0,0.0,0.0,0.0,7.904649802455619,0.0
Kingston upon Hull,England,United Kingdom,0.0,0.0,0.0,0.0,0.0,0.0,0.0,0.0,60.6758292694895,60.920121334681504,0.0
Nis,Nisava District,Serbia,0.0,0.0,0.0,0.0,0.0,0.0,12.7768313458262,13.0285714285714,22.120312921499902,18.104648019127602,16.5226832837653
Galway,Connacht,Ireland,0.0,0.0,0.0,41.0822510822511,0.0,38.7978142076503,43.847201725508,0.0,75.64716415586442,54.0997858320834,60.51961296713429
Norwich,England,United Kingdom,0.0,0.0,0.0,0.0,0.0,28.879768961848303,31.903167439635602,0.0,0.0,0.0,34.6711871290647
Banja Luka,Republika Srpska,Bosnia and Herzegovina,0.0,27.7777777777778,25.8876513768299,22.445940840500498,20.129103907822604,17.9329016411745,16.2620513416192,20.8374735895237,24.0007898907648,24.288186358589,22.7867433749285
Sioux Falls,South Dakota,United States of America,0.0,0.0,0.0,0.0,0.0,0.0,51.6,0.0,59.0,0.0,66.4
Brighton,England,United Kingdom,0.0,0.0,0.0,22.7272727272727,0.0,31.7004321108288,30.492727537421104,35.888124362895,49.180577899144204,39.390588136164496,37.147700495426506
Natal,Rio Grande do Norte,Brazil,0.0,0.0,0.0,0.0,46.10830990733721,0.0,27.378310614138698,26.2451264468953,32.079401741538504,26.7556823973091,14.9556471588944
Hanover,New Hampshire,United States of America,0.0,0.0,0.0,0.0,0.0,0.0,0.0,0.0,74.7755555555556,0.0,0.0
Erbil,,Iraq,0.0,0.0,0.0,0.0,0.0,55.938363312665004,46.8498830465738,41.4433930954834,40.0752984389348,39.1056086120448,37.536787569428895
Florianopolis,Santa Catarina,Brazil,0.0,0.0,0.0,55.140186915887796,34.179643924858304,23.528900205092803,25.444537306550604,32.7879866238711,35.3959642620544,33.522463448057195,20.3330820564675
Dunedin,Otago Region,New Zealand,0.0,0.0,0.0,0.0,0.0,0.0,0.0,58.4290510563457,62.707777792541705,0.0,45.848239209289396
Hamilton,Ontario,Canada,0.0,0.0,0.0,0.0,0.0,41.188350340136104,54.05335000521,46.474231671817705,53.891770405109206,55.0913723670204,58.762053505520704
Patras,West Greece Region,Greece,0.0,0.0,0.0,0.0,0.0,20.3551912568306,22.8554130245582,23.9587998208688,31.3850286114679,0.0,0.0
Limerick,,Ireland,0.0,0.0,0.0,0.0,0.0,37.3406193078324,46.827108638892,0.0,68.1579310564479,0.0,0.0
Exeter,England,United Kingdom,0.0,0.0,0.0,0.0,0.0,0.0,0.0,35.3975535168196,0.0,39.391641388608,36.404746485518
Springfield,Missouri,United States of America,0.0,0.0,0.0,0.0,0.0,42.79,55.0,50.798,0.0,0.0,0.0
Kota Kinabalu,Sabah,Malaysia,0.0,0.0,0.0,0.0,0.0,0.0,0.0,0.0,0.0,29.4752018454441,0.0
Sherbrooke,Quebec,Canada,0.0,0.0,0.0,0.0,0.0,0.0,0.0,0.0,54.93873701870729,0.0,0.0
Gold Coast,Queensland,Australia,0.0,0.0,64.4012944983819,65.7051282051282,67.11098768860501,63.4486055430614,64.2952948690654,59.16272576015321,51.9532379341294,50.445447182691204,0.0
Laval,Quebec,Canada,0.0,0.0,0.0,0.0,0.0,0.0,0.0,0.0,59.422429420430696,0.0,0.0
Gatineau,Quebec,Canada,0.0,0.0,0.0,0.0,0.0,0.0,49.0778368240075,44.2470320709319,0.0,0.0,0.0
Allentown,Pennsylvania,United States of America,0.0,0.0,0.0,0.0,0.0,54.9975,0.0,0.0,0.0,0.0,0.0
Zapopan,Jalisco,Mexico,0.0,0.0,0.0,0.0,0.0,0.0,0.0,0.0,22.461308140569702,24.8396700618889,23.634486761704803
Ivano-Frankivsk,Ivano-Frankivsk Oblast,Ukraine,0.0,0.0,0.0,0.0,0.0,0.0,0.0,0.0,0.0,3.65783837655591,5.2706396574783705
Ternopil,Ternopil Oblast,Ukraine,0.0,0.0,0.0,0.0,0.0,0.0,0.0,0.0,0.0,3.89639305328781,0.0
Sumy,Sumy Oblast,Ukraine,0.0,0.0,0.0,0.0,0.0,0.0,1.86699518350396,0.0,3.8362748855446402,3.93350155855722,4.21651172598269
Joinville,Santa Catarina,Brazil,0.0,0.0,0.0,0.0,0.0,0.0,0.0,0.0,40.1962364147464,30.8047090001019,22.892550966041302
Vinnytsia,Vinnytsia Oblast,Ukraine,0.0,0.0,0.0,0.0,0.0,0.0,0.0,0.0,5.53689024313075,4.56898471129583,0.0
Santa Cruz,California,United States of America,0.0,0.0,0.0,0.0,0.0,0.0,68.0,0.0,52.5,0.0,76.0
Santa Clara,California,United States of America,0.0,0.0,0.0,0.0,0.0,0.0,0.0,0.0,0.0,54.0,60.0
Santa Barbara,California,United States of America,0.0,0.0,0.0,0.0,52.3333333333333,0.0,67.9916666666667,60.5555555555556,58.571428571428605,61.0,95.7142857142857
Samsun,Samsun Province,Turkey,0.0,0.0,0.0,0.0,0.0,0.0,0.0,0.0,13.911894426828802,13.655707340811698,14.2690949868473
Heraklion,,Greece,0.0,0.0,0.0,0.0,0.0,18.1420765027322,23.3851742536043,0.0,26.859745416326103,24.9986940980695,34.3752992181916
Reading,England,United Kingdom,0.0,0.0,34.6076923076923,0.0,0.0,0.0,27.1655262774785,34.6585117227319,33.1561908576446,50.0505561172902,44.57724059451179
Akron,Ohio,United States of America,0.0,0.0,0.0,45.0,0.0,0.0,0.0,0.0,0.0,68.8333333333333,60.8566666666667
West Palm Beach,Florida,United States of America,0.0,0.0,0.0,0.0,0.0,0.0,47.0,64.85714285714289,70.21125,0.0,62.8
Merida,Yucatan,Mexico,0.0,0.0,0.0,0.0,0.0,20.8267510913089,24.071508283510102,24.200025410944,26.628933674464502,26.509242549373496,25.5635462228889
Fort Lauderdale,Florida,United States of America,0.0,0.0,0.0,46.25,60.0,54.0,49.3333333333333,79.0133333333333,58.454545454545496,64.1666666666667,51.75
Billings,Montana,United States of America,0.0,0.0,0.0,0.0,0.0,0.0,0.0,0.0,62.8,0.0,0.0
Kalamazoo,Michigan,United States of America,0.0,0.0,0.0,0.0,0.0,0.0,0.0,0.0,41.125,61.0,61.87375
Joao Pessoa,Paraiba,Brazil,0.0,0.0,0.0,0.0,0.0,0.0,0.0,0.0,0.0,28.0297625114667,16.846134198891402
Thiruvananthapuram,,India,0.0,0.0,69.3397344713134,18.2890855457227,15.349976651136402,21.9599905675208,23.011059433102798,0.0,14.209532778996302,9.980618437443962,10.958722292149199
Craiova,Dolj County,Romania,0.0,0.0,0.0,0.0,0.0,0.0,8.31192383255252,0.0,11.1253017174309,7.76376327015355,0.0
Vitoria,Espirito Santo,Brazil,0.0,0.0,0.0,0.0,0.0,29.7475112269573,25.067004812818798,34.8923646403811,41.628619004136,38.5196887846975,0.0
Eskisehir,,Turkey,0.0,0.0,0.0,0.0,0.0,16.6430682862608,20.6516117910705,18.8511789904364,14.988410067000101,13.570091620806599,0.0
Campo Grande,Mato Grosso do Sul,Brazil,0.0,0.0,0.0,0.0,0.0,0.0,0.0,0.0,0.0,28.8366799170999,0.0
Bournemouth,,United Kingdom,0.0,0.0,0.0,0.0,0.0,0.0,0.0,0.0,0.0,40.4448938321537,0.0
Agadir,Souss-Massa,Morocco,0.0,0.0,0.0,0.0,0.0,0.0,0.0,0.0,31.6383806805787,31.7473392297581,25.3931560171847
Pattaya,Chon Buri,Thailand,0.0,0.0,22.254377686903602,21.649252892933397,20.4394054101715,18.1337288345075,19.1872736197041,19.136509054621197,19.5778748180495,24.2023625481288,22.1515933246627
Eugene,Oregon,United States of America,0.0,0.0,0.0,0.0,0.0,45.798,47.4975,53.0,70.9988888888889,63.8,67.595
Campinas,Sao Paulo,Brazil,0.0,0.0,0.0,0.0,31.457766275489696,22.7736651126407,26.124672180754498,28.271090227793398,29.9041198904227,29.5229844052594,22.9943075068001
Bhubaneswar,Odisha,India,0.0,0.0,0.0,19.372945638432398,17.175074792409198,17.685898443640898,18.2965053674748,0.0,12.3895559934074,10.0604633849435,9.43114282112234
Larnaca,Larnaca District,Cyprus,0.0,0.0,0.0,0.0,0.0,0.0,0.0,41.4375279892521,43.87091751333261,0.0,50.1016506823845
Peterborough,England,United Kingdom,0.0,0.0,0.0,0.0,0.0,0.0,0.0,0.0,46.8165414909941,0.0,0.0
Veliko Tarnovo,Veliko Tarnovo Province,Bulgaria,0.0,0.0,0.0,0.0,0.0,0.0,0.0,0.0,11.347890486884198,0.0,0.0
Arad,Arad County,Romania,0.0,0.0,0.0,0.0,0.0,7.769281833157129,11.0321898141152,0.0,9.66483739931253,8.73843484952348,0.0
Faisalabad,Punjab,Pakistan,0.0,0.0,0.0,0.0,0.0,0.0,0.0,0.0,0.0,28.939125697943602,32.2029522215542
Wilmington,Delaware,United States of America,0.0,0.0,0.0,0.0,0.0,0.0,0.0,0.0,62.0,53.5,0.0
Niteroi,Rio de Janeiro,Brazil,0.0,0.0,0.0,0.0,0.0,0.0,0.0,0.0,32.7657517322877,0.0,0.0
Paphos,Paphos District,Cyprus,0.0,0.0,0.0,0.0,0.0,45.90163934426229,0.0,0.0,0.0,45.7532069220265,48.9882806672204
Grand Rapids,Michigan,United States of America,0.0,0.0,0.0,0.0,0.0,40.7375,55.9988888888889,52.43125,60.8316666666667,58.1666666666667,66.0
Ipswich,England,United Kingdom,0.0,0.0,0.0,0.0,0.0,0.0,0.0,0.0,38.6380144127751,0.0,0.0
Baia Mare,Maramureș County,Romania,0.0,0.0,0.0,0.0,0.0,0.0,0.0,0.0,0.0,9.7635204761022,0.0
Knoxville,Tennessee,United States of America,0.0,0.0,0.0,0.0,43.3333333333333,49.0,48.3277777777778,53.0,51.8333333333333,59.77777777777779,69.875
Limassol,Limassol District,Cyprus,0.0,0.0,58.641975308641996,42.1356421356421,0.0,35.5688027819175,37.1218829227684,42.3197492163009,50.3522908637939,44.359208432727,42.228534146581204
Chattanooga,Tennessee,United States of America,0.0,0.0,0.0,0.0,0.0,57.398,54.1583333333333,72.5,56.75,65.9985714285714,65.99875
Spokane,Washington,United States of America,0.0,0.0,0.0,0.0,0.0,48.74875,56.1111111111111,63.3333333333333,66.8,63.6,59.8675
Hermosillo,Sonora,Mexico,0.0,0.0,0.0,0.0,0.0,0.0,0.0,0.0,31.736625118260303,23.800056222899,0.0
Sao Jose dos Campos,Sao Paulo,Brazil,0.0,94.93670886075951,0.0,0.0,0.0,0.0,17.2519380961987,0.0,35.0933734400458,24.9719702374885,21.9562921211781
Northampton,England,United Kingdom,0.0,0.0,0.0,0.0,0.0,0.0,23.9918474304848,0.0,37.5770163053305,0.0,0.0
Boulder,Colorado,United States of America,0.0,0.0,0.0,0.0,0.0,61.0,47.998000000000005,60.8316666666667,51.8,75.125,48.998000000000005
Ramat Gan,Tel Aviv District,Israel,0.0,0.0,0.0,0.0,0.0,0.0,21.1537959311588,29.1084144547574,30.399372931088802,27.783673233132,0.0
Guwahati,Assam,India,0.0,0.0,0.0,0.0,0.0,0.0,0.0,0.0,12.3845991796473,7.47061266784805,9.96026092775339
Tacoma,Washington,United States of America,0.0,0.0,0.0,0.0,0.0,0.0,53.56428571428571,70.0,63.9125,70.2727272727273,64.8
Visakhapatnam,Andhra Pradesh,India,0.0,0.0,0.0,0.0,16.8990568636364,16.8181103600063,13.214351058947699,9.781477627471382,11.959890364291999,10.699222964939901,8.50131183875817
Vijayawada,Andhra Pradesh,India,0.0,0.0,0.0,0.0,12.8432832163637,14.148718754912801,11.8447376551079,0.0,8.62336889847206,9.725114605445391,6.9715184844399705
Hamilton,Waikato Region,New Zealand,0.0,0.0,0.0,0.0,0.0,60.262318326834496,0.0,0.0,64.1064642860556,0.0,0.0
Ludhiana,Punjab,India,0.0,0.0,0.0,0.0,21.757535711931897,27.7734108892732,28.3445861840388,0.0,0.0,12.096509546182102,8.23298918384736
Kitchener,Ontario,Canada,0.0,0.0,34.4660194174757,0.0,35.624347398808396,34.673947704081606,50.791541999732104,51.1018575092138,51.898160760051496,55.4324954157326,42.4484094776526
Aguascalientes City,Aguascalientes,Mexico,0.0,0.0,0.0,0.0,0.0,0.0,0.0,0.0,31.955973830570503,0.0,0.0
Kingston,Ontario,Canada,0.0,0.0,0.0,0.0,0.0,0.0,40.8487027195999,0.0,57.2058784817321,55.013672117036,0.0
Milton Keynes,England,United Kingdom,0.0,0.0,0.0,0.0,0.0,0.0,35.8616004270394,0.0,32.8882888355148,0.0,0.0
Corfu,,Greece,0.0,0.0,0.0,0.0,0.0,18.5792349726776,0.0,0.0,41.8467048152906,0.0,0.0
Thane,Maharashtra,India,0.0,0.0,0.0,0.0,32.1082080409092,20.6335481842478,15.5370324268065,23.296628201345,10.892598237852699,8.14418464495427,11.069416456716402
Sunnyvale,California,United States of America,0.0,0.0,0.0,0.0,0.0,0.0,0.0,0.0,62.77777777777779,62.85,44.35
Oshawa,Ontario,Canada,0.0,0.0,0.0,0.0,0.0,0.0,0.0,55.82846999553821,49.518691183692205,56.1494223564428,0.0
Santa Rosa,California,United States of America,0.0,0.0,0.0,0.0,0.0,52.8333333333333,53.0,0.0,68.121875,63.5555555555556,99.3333333333333
Guildford,England,United Kingdom,0.0,0.0,0.0,0.0,0.0,0.0,34.997816276022704,0.0,0.0,31.5975733063701,0.0
Bellevue,Washington,United States of America,0.0,0.0,0.0,0.0,0.0,0.0,0.0,0.0,62.1428571428571,60.0,58.571428571428605
Fayetteville,Arkansas,United States of America,0.0,0.0,0.0,0.0,0.0,0.0,59.1,0.0,0.0,58.75,0.0
Kuching,Sarawak,Malaysia,0.0,0.0,0.0,51.535087719298204,0.0,0.0,32.5636471284784,0.0,0.0,0.0,0.0
Redmond,Washington,United States of America,0.0,0.0,0.0,0.0,0.0,0.0,0.0,0.0,63.0,75.0,0.0
Johor Bahru,Johor,Malaysia,0.0,19.3333333333333,38.7840670859539,0.0,36.959035348529895,0.0,0.0,0.0,47.98950339441011,0.0,0.0
Kelowna,British Columbia,Canada,0.0,0.0,0.0,48.269230769230795,0.0,40.019132653061206,42.6472558388782,54.5663902217029,60.6345808331907,62.6017648228341,70.7184316650738
Vancouver,Washington,United States of America,0.0,0.0,0.0,0.0,0.0,0.0,48.993333333333304,69.83166666666669,61.4444444444444,59.8888888888889,0.0
Erie,Pennsylvania,United States of America,0.0,0.0,0.0,0.0,0.0,0.0,47.8,0.0,0.0,0.0,0.0
Al Ain,Emirate of Abu Dhabi,United Arab Emirates,0.0,0.0,0.0,0.0,0.0,0.0,0.0,95.18068812152642,90.5793332030972,112.940325686355,0.0
Bucaramanga,Santander Department,Colombia,0.0,0.0,0.0,0.0,0.0,0.0,0.0,0.0,25.049577288383304,0.0,24.1053353969346
Burnaby,British Columbia,Canada,0.0,0.0,0.0,0.0,0.0,0.0,0.0,0.0,61.6674326570939,46.3846803306536,50.99004347420689
Clearwater,Florida,United States of America,0.0,0.0,0.0,0.0,0.0,0.0,54.6,0.0,54.798,0.0,0.0
Taichung,,Taiwan,0.0,0.0,0.0,51.212017753499495,24.415959158759197,0.0,0.0,0.0,34.7703748366998,0.0,0.0
Naples,Florida,United States of America,0.0,0.0,0.0,0.0,0.0,53.0,0.0,0.0,0.0,0.0,0.0
Abbotsford,British Columbia,Canada,0.0,0.0,0.0,0.0,0.0,0.0,53.7277274148171,0.0,53.248670519606705,0.0,0.0
Noida,Uttar Pradesh,India,0.0,0.0,20.1517306780465,26.7256637168142,25.348585295454697,22.009118063197604,24.370345264054603,17.9888797428052,14.257254260490802,13.149864016069902,11.2439225514458
Sharjah,Emirate of Sharjah,United Arab Emirates,0.0,0.0,0.0,72.661217075386,75.957637962484,81.52362975264609,83.6240728424017,88.63876603014,92.7102875318877,102.83677010607599,99.1472013503212
Rockville,Maryland,United States of America,0.0,0.0,0.0,0.0,0.0,0.0,0.0,0.0,81.0,0.0,46.2475
Jeddah,Mecca Province,Saudi Arabia,0.0,0.0,36.003840000000004,56.0,53.475777398558996,37.0349098383017,43.7217547848697,56.693816068357805,65.9306031923016,65.1705250969369,69.85091505825521
Surrey,British Columbia,Canada,0.0,0.0,0.0,0.0,0.0,45.599489795918394,43.7636761487965,54.75199018844339,61.737589008239695,52.0141581984291,55.3625958647055
Everett,Washington,United States of America,0.0,0.0,0.0,0.0,0.0,0.0,55.0,0.0,60.375,0.0,0.0
Bellingham,Washington,United States of America,0.0,0.0,0.0,0.0,0.0,53.99,72.5,53.6666666666667,63.8888888888889,60.8333333333333,75.0
Moncton,New Brunswick,Canada,0.0,0.0,0.0,0.0,0.0,0.0,0.0,0.0,59.165189466229705,57.0187886595462,0.0
Kamloops,British Columbia,Canada,0.0,0.0,0.0,0.0,0.0,0.0,0.0,0.0,59.576773392951296,60.606194987867696,61.7972835419629
Villach,Carinthia,Austria,0.0,0.0,0.0,0.0,0.0,0.0,21.2913560626127,0.0,0.0,0.0,0.0
Berkeley,California,United States of America,0.0,0.0,0.0,0.0,0.0,0.0,63.0,0.0,83.125,58.571428571428605,66.99600000000001
Ann Arbor,Michigan,United States of America,0.0,0.0,0.0,0.0,50.83,41.99,50.0,58.428571428571395,63.193999999999996,69.915,64.2842857142857
Aveiro,Aveiro,Portugal,0.0,0.0,0.0,0.0,0.0,0.0,0.0,29.357366771159896,0.0,33.1325975508742,0.0
Pensacola,Florida,United States of America,0.0,0.0,0.0,0.0,0.0,54.9875,55.65,0.0,71.998,66.5,0.0
Iowa City,Iowa,United States of America,0.0,0.0,0.0,0.0,0.0,0.0,0.0,0.0,62.3333333333333,66.19800000000001,0.0
Gainesville,Florida,United States of America,0.0,0.0,0.0,0.0,55.4975,0.0,48.998000000000005,0.0,0.0,55.0,0.0
Daytona Beach,Florida,United States of America,0.0,0.0,0.0,0.0,0.0,0.0,0.0,0.0,80.33,58.0,56.25
Fort Collins,Colorado,United States of America,0.0,0.0,0.0,0.0,0.0,54.9983333333333,44.8,52.5,0.0,60.8333333333333,48.3
Canton,Ohio,United States of America,0.0,0.0,0.0,0.0,0.0,0.0,0.0,0.0,56.1666666666667,0.0,0.0
Sarasota,Florida,United States of America,0.0,0.0,0.0,0.0,0.0,0.0,0.0,0.0,59.0,57.25,0.0
Redding,California,United States of America,0.0,0.0,0.0,0.0,0.0,0.0,39.998000000000005,0.0,0.0,0.0,0.0
Overland Park,Kansas,United States of America,0.0,0.0,0.0,0.0,0.0,0.0,0.0,0.0,0.0,0.0,68.75
Guelph,Ontario,Canada,0.0,0.0,0.0,0.0,0.0,53.14625850340139,53.9152860268834,0.0,0.0,53.213963765871895,46.378314956836604
Fort Myers,Florida,United States of America,0.0,0.0,0.0,0.0,0.0,56.1666666666667,52.0,71.5,57.3333333333333,56.7681818181818,55.0
Ajman,Emirate of Ajman,United Arab Emirates,0.0,0.0,0.0,0.0,0.0,0.0,0.0,0.0,103.763701582595,83.04435712231971,91.85451377545459
Greenville,South Carolina,United States of America,0.0,0.0,0.0,0.0,0.0,50.4,49.22,57.37375,60.0,55.8333333333333,0.0
Bloomington,Illinois,United States of America,0.0,0.0,0.0,0.0,0.0,0.0,0.0,48.998000000000005,0.0,0.0,0.0
Fairfax,South Carolina,United States of America,0.0,0.0,0.0,0.0,39.6666666666667,0.0,0.0,66.4983333333333,67.5,78.8,0.0
Waterloo,Ontario,Canada,0.0,0.0,0.0,0.0,0.0,56.8000637755102,49.234135667396096,0.0,53.377290496707204,50.135612520451495,47.804873073964394
Coquitlam,British Columbia,Canada,0.0,0.0,0.0,0.0,0.0,0.0,0.0,0.0,55.409486134895104,0.0,53.177230238467104
Asheville,North Carolina,United States of America,0.0,0.0,0.0,0.0,33.3333333333333,53.42,52.4271428571429,62.875,64.25,61.614615384615405,60.0
Wilmington,North Carolina,United States of America,0.0,0.0,0.0,0.0,0.0,0.0,0.0,51.665,0.0,72.998,0.0
Bend,Oregon,United States of America,0.0,0.0,0.0,0.0,0.0,0.0,52.8,0.0,84.99799999999999,74.4,68.1666666666667
Chapel Hill,North Carolina,United States of America,0.0,0.0,0.0,0.0,0.0,0.0,0.0,0.0,52.3333333333333,0.0,0.0
College Station,Texas,United States of America,0.0,0.0,0.0,0.0,0.0,0.0,0.0,57.846000000000004,0.0,68.8883333333333,0.0
Klaipeda,,Lithuania,0.0,0.0,0.0,0.0,0.0,0.0,0.0,13.7147335423197,0.0,0.0,0.0
Phuket,Phuket,Thailand,0.0,0.0,24.8505819440075,0.0,22.529712768965503,22.5435669262143,17.8176752473337,21.6312993454844,25.382096069869,21.0379437625329,20.0813346026627
Petaling Jaya,Selangor,Malaysia,0.0,0.0,0.0,47.3026315789474,51.412289395441,45.6886981479476,38.6487731070324,35.4513481828839,37.9801023838421,29.869148470747298,27.729535718420703
Dumaguete,,Philippines,0.0,0.0,0.0,0.0,0.0,0.0,0.0,0.0,0.0,47.54525990792911,0.0
New Westminster,British Columbia,Canada,0.0,0.0,0.0,0.0,0.0,0.0,0.0,0.0,64.0527485960486,57.2802452629237,56.81950628219771
Langley,British Columbia,Canada,0.0,0.0,0.0,0.0,0.0,0.0,0.0,0.0,0.0,0.0,67.19999300683
Melbourne,Florida,United States of America,0.0,0.0,0.0,0.0,0.0,0.0,50.3033333333333,62.8316666666667,63.8333333333333,64.1666666666667,0.0
Chilliwack,British Columbia,Canada,0.0,0.0,0.0,0.0,0.0,0.0,0.0,0.0,0.0,63.932144712811606,0.0
Playa del Carmen,Quintana Roo,Mexico,0.0,0.0,0.0,0.0,0.0,0.0,25.2845182194092,0.0,0.0,0.0,0.0
North Vancouver,British Columbia,Canada,0.0,0.0,0.0,0.0,0.0,0.0,0.0,0.0,57.8789896952247,0.0,0.0
Alpharetta,Georgia,United States of America,0.0,0.0,0.0,0.0,0.0,0.0,0.0,0.0,0.0,64.5,0.0
Peshawar,Khyber Pakhtunkhwa,Pakistan,0.0,0.0,0.0,0.0,0.0,0.0,0.0,0.0,24.2149188201333,0.0,21.673585982048397
Newcastle upon Tyne,England,United Kingdom,0.0,0.0,0.0,31.818181818181802,33.4952269301625,36.327709378325,32.4646964623672,0.0,39.787429029173495,33.492524916943495,0.0
Birmingham,Iowa,United States of America,0.0,0.0,0.0,0.0,0.0,38.0,44.0,49.998000000000005,51.75,64.0,0.0
Arlington,Kansas,United States of America,0.0,0.0,0.0,0.0,0.0,0.0,53.3316666666667,0.0,0.0,0.0,0.0
Syracuse,Indiana,United States of America,0.0,0.0,0.0,0.0,0.0,44.9975,38.816666666666706,55.665,0.0,52.4433333333333,0.0
Long Island,Kansas,United States of America,0.0,0.0,0.0,0.0,0.0,0.0,0.0,0.0,0.0,61.1666666666667,0.0
Braga,Braga,Portugal,0.0,0.0,0.0,0.0,0.0,21.9471766848816,0.0,29.9373040752351,34.4505430339834,33.4204289967795,39.877202709794204
Kocaeli,Kocaeli Province,Turkey,0.0,0.0,0.0,0.0,0.0,0.0,0.0,0.0,16.5617790795582,13.013589440773499,16.1125991072583
Kaunas,,Lithuania,0.0,0.0,12.504240511415201,0.0,0.0,9.17806317502818,8.61721999195038,10.1613903338041,11.502977928296199,11.4897421952058,11.2116360527025
Shiraz,Fars Province,Iran,0.0,0.0,0.0,0.0,0.0,0.0,112.633840052875,0.0,0.0,0.0,0.0
Las Palmas de Gran Canaria,Canary Islands,Spain,0.0,0.0,0.0,0.0,0.0,30.601092896174897,0.0,44.568219137184705,37.2165963197144,0.0,0.0
Santa Cruz de Tenerife,Canary Islands,Spain,0.0,0.0,0.0,0.0,0.0,0.0,0.0,41.4240931482311,47.1018723967457,0.0,0.0
Stavanger,Rogaland,Norway,0.0,54.5825559701493,73.56792144026191,0.0,54.6911676743028,46.5100189939496,43.1721965147189,53.66031607808989,63.479377696923706,53.5073771654498,0.0
Antwerp,Flemish Region,Belgium,0.0,62.8019323671498,61.7283950617284,32.2077922077922,46.2620764729895,49.836065573770504,47.451470087410605,44.2230183609494,55.93833936704429,53.231050119272396,54.1362252748354
Zaragoza,Aragon,Spain,0.0,0.0,0.0,0.0,0.0,0.0,42.5700987626291,0.0,0.0,45.5200101487236,31.8423824336932
Arlington,Virginia,United States of America,0.0,0.0,0.0,0.0,0.0,0.0,57.5,61.0,68.0,60.845,58.875
Jubail,Eastern Province,Saudi Arabia,0.0,0.0,0.0,0.0,0.0,0.0,46.6629336319761,0.0,65.7690085766342,52.158321335253,0.0
