City,Region,Country,"Internet Price, 2010","Internet Price, 2011","Internet Price, 2012","Internet Price, 2013","Internet Price, 2014","Internet Price, 2015","Internet Price, 2016","Internet Price, 2017","Internet Price, 2018","Internet Price, 2019","Internet Price, 2020"
New York City,New York,United States of America,42.99,49.9983333333333,42.25,55.931999999999995,50.285,53.4584,54.5926666666667,59.2364,61.458125,61.734578313253,66.4413953488372
"Washington, D.C.",District of Columbia,United States of America,35.0,48.0,49.28571428571429,45.8333333333333,47.0,56.332592592592604,59.1696666666667,64.2070833333333,64.92307692307689,69.14975,60.5904545454546
San Francisco,California,United States of America,41.6666666666667,42.5,36.5,48.5,47.0,55.2614285714286,53.0513793103448,58.77777777777779,63.246031746031704,67.3666666666667,68.98882352941179
Berlin,,Germany,30.8641975308642,38.6183574879227,20.5092592592593,30.0510204081633,32.5658819794076,27.1297095197009,26.470655011919604,32.4671253511379,36.43968115038211,33.922920251879,35.827083865576796
Los Angeles,California,United States of America,35.75,43.625,41.5,37.5,40.321,47.60647058823529,50.8416417910448,56.282881355932204,57.4841052631579,63.0148484848485,66.6902222222222
Bern,Canton of Bern,Switzerland,0.0,0.0,51.54639175257729,55.5555555555556,0.0,46.1836770668077,40.166873534684896,54.1572106457603,0.0,52.4813691139645,0.0
Geneva,Canton of Geneva,Switzerland,38.7931034482759,65.0980392156863,37.8006872852234,60.4166666666667,63.26576074849629,63.105940419531095,58.543649151841095,70.71957453636841,72.7667566021595,59.9162297384429,54.356531428773
Zurich,Canton of Zurich,Switzerland,56.8965517241379,56.76470588235289,45.876288659793794,49.8511904761905,50.40098017375811,52.00748484725221,50.0557916776369,61.4658551681452,59.3830018455115,52.2612298720911,60.53832776216189
Basel,,Switzerland,0.0,0.0,0.0,0.0,0.0,52.7057994006698,53.9334476032863,49.85901932466821,62.913866577767706,52.4359306991473,62.9147938239415
London,England,United Kingdom,21.4492753623188,34.8360655737705,30.036789297658895,29.1666666666667,33.4952269301625,33.7596703648101,36.4086321602771,34.0661036251274,42.7713020053012,39.56311768159429,38.7237177967666
Cairo,Cairo Governorate,Egypt,47.0,40.0,53.63005939796639,57.1324599708879,47.810221895382995,59.976402726795996,44.820881016612795,19.4798942160436,16.0659307614402,16.9671817948851,16.991410980552402
Alexandria,Alexandria Governorate,Egypt,0.0,0.0,0.0,50.9461426491994,44.762757385855,71.01031288236321,63.160463239296504,12.5024122625644,16.8321492675272,16.9854239621682,13.7207637965024
Alexandria,Virginia,United States of America,0.0,0.0,0.0,0.0,0.0,0.0,58.25,0.0,70.1666666666667,82.0,67.4983333333333
Paris,Ile-de-France,France,37.037037037037,42.7518115942029,37.035914702581394,37.425029515938604,37.8067907556345,30.453655015981003,30.2872062663185,29.171771624601803,32.9944698785029,32.109051484905,29.123415659818804
Boston,Massachusetts,United States of America,51.6666666666667,30.0,52.75,56.12375,54.562857142857105,51.2758620689655,55.2924390243902,63.28921052631579,64.7735714285714,67.70290322580651,66.45192307692311
Toronto,Ontario,Canada,38.4615384615385,50.013745704467404,47.2865372168285,48.499336870026504,42.7718659787482,43.104173309949,43.3479993393375,46.309772425098295,51.6821534023556,48.4238893723935,52.469688348370106
Sao Paulo,Sao Paulo,Brazil,43.956043956044,56.78119349005421,41.0098522167488,35.8463136033229,31.233487314734997,24.3901455706248,21.742978099046802,30.378140653183497,30.158371067335402,27.851924631346396,21.516280067638696
Vilnius,,Lithuania,16.3283714153861,18.258653342466896,12.388405350464001,11.644482920620899,11.9222697521766,9.235980645233381,11.3655068679759,11.7903169627308,13.056536844563801,12.534792958576801,12.594998296543901
City of Brussels,,Belgium,0.0,50.362318840579704,42.239858906525605,47.2255017709563,52.2179888420193,39.5283290192695,45.15765126575089,48.0417701420836,50.7849014493882,49.3999069700339,48.8542309173946
Poznan,Greater Poland Voivodeship,Poland,0.0,23.631386861313896,13.6299435028249,17.3674434312732,15.873537685563099,12.0650581531459,12.0606643205175,13.6256426033181,15.608907982258401,11.7865753297633,14.3035812152323
Tashkent,,Uzbekistan,0.0,0.0,0.0,0.0,179.166666666667,0.0,0.0,0.0,35.0891650196053,61.5,33.5557142857143
Warsaw,Masovian Voivodeship,Poland,0.0,20.924574209245698,17.2808301570567,14.7054566507454,13.981644767214998,12.2239063049321,11.537943284758198,13.1682711344093,15.0668335845755,14.110285210708401,13.7168902275492
Modena,Emilia-Romagna,Italy,0.0,0.0,0.0,0.0,0.0,0.0,0.0,25.003731900283604,38.0707695900969,0.0,0.0
Singapore,,Singapore,30.4761904761905,32.255784865541,34.5005963029219,32.1765271765272,31.380819737365698,30.8022545301306,31.646039768129803,34.0672833847265,31.9883925556078,32.3798688905216,31.788169632977
Montreal,Quebec,Canada,34.6634615384615,47.766323024055005,42.6822006472492,43.5363247863248,44.4207533759773,42.057955994898,43.40800944739679,46.302908625595705,50.353772198948796,45.58206991305511,46.0545570862828
Cambridge,England,United Kingdom,0.0,0.0,0.0,29.797979797979803,0.0,40.8496732026144,33.1052554957053,33.4464194699286,41.0505220142266,45.2898550724638,45.327270356895596
Cologne,North Rhine-Westphalia,Germany,0.0,25.3623188405797,24.6913580246914,28.138528138528105,34.0182337733025,23.3029751062538,25.8826200476785,22.944189431258398,37.121919887889796,29.662629564127197,35.850514488284
Skopje,Greater Skopje,North Macedonia,0.0,10.1449275362319,14.0327812209426,15.305322870794802,15.5438983986748,11.8555022678725,13.5338379862305,16.6031133786888,19.817501278476602,16.473654028643598,20.3803440879522
Gdynia,Pomeranian Voivodeship,Poland,0.0,0.0,0.0,0.0,0.0,10.4600844240316,12.3679374286884,13.054935059723698,13.708328260350001,13.411299216118698,12.5470010659932
Szczecin,West Pomeranian Voivodeship,Poland,0.0,0.0,0.0,0.0,0.0,11.1124174628037,12.5421337305009,0.0,14.429819221421099,14.265595660337999,13.958538685917402
Ljubljana,Ljubljana City Municipality,Slovenia,32.0987654320988,28.9855072463768,33.0864197530864,34.2857142857143,28.8021045947294,29.6327868852459,32.5654405173392,34.2090859332239,38.254435042943705,36.6681822848678,38.478067724071295
Plovdiv,Plovdiv region,Bulgaria,0.0,0.0,0.0,10.0,13.3537704080448,8.66209604686615,10.048590517703401,10.302197802197801,12.741491072992801,13.2940832514394,13.3587371985726
Sofia,Sofia City Province,Bulgaria,11.3207547169811,14.5460358056266,10.729355033152501,11.1745098039216,10.2594207529185,7.94457790938041,8.74337860201571,9.529266308759631,12.186099556816199,11.826607910442801,12.0206949414489
Milan,Lombardy,Italy,0.0,40.8695652173913,31.4814814814815,35.5371900826446,36.654646890733396,30.8329193575095,30.902528138309698,30.272201561556898,31.8906609517377,32.574855199278105,30.9469148357827
Trieste,Friuli-Venezia Giulia,Italy,0.0,0.0,32.0987654320988,0.0,34.0182337733025,28.661202185792398,0.0,27.7653381101657,34.4116158667134,31.117777429537302,0.0
Lodz,Lodz Voivodeship,Poland,0.0,0.0,0.0,14.184397163120599,0.0,11.2830859903895,10.3330079029695,11.5738517044011,13.669601171998401,14.110490078733198,12.212414370900099
Oslo,,Norway,44.193714580113294,55.26781716417911,55.05319148936171,55.3094832481545,49.3769496388476,38.873882471587,41.7790365629453,48.796369299081704,54.6654138545397,50.6793204366768,46.9581839459587
Bonn,North Rhine-Westphalia,Germany,0.0,0.0,0.0,0.0,0.0,0.0,0.0,31.1240483654277,29.0007396161781,34.5112568746409,40.5584791238351
Katowice,Silesian Voivodeship,Poland,0.0,25.5474452554744,13.0885122410546,13.677811550151999,14.2454825383258,9.247705772515289,10.9417052075984,13.576597423790501,14.204127830161,14.749518974430302,12.496813061729199
Lisbon,Lisbon,Portugal,19.7530864197531,30.1449275362319,29.2170781893004,25.974025974026,29.7991223295686,26.171137605563803,29.057403413175898,32.528560013347004,36.429610328944705,36.1571597006127,36.6105470759941
Dubai,Emirate of Dubai,United Arab Emirates,95.3510932019998,76.6666666666667,72.28083560399641,67.9047755628854,79.8031635403338,84.6098065972189,88.4845480551401,93.35094022098129,96.5967867501832,99.25755264310621,96.8505934879669
Padua,Veneto,Italy,0.0,0.0,0.0,33.3333333333333,0.0,0.0,32.6938358496992,0.0,0.0,31.329209170665198,0.0
Bergamo,Lombardy,Italy,0.0,0.0,0.0,0.0,0.0,29.289617486338802,36.3264842774435,0.0,0.0,0.0,33.401100454923004
Venice,Veneto,Italy,0.0,0.0,0.0,0.0,32.884292647525704,0.0,0.0,0.0,0.0,0.0,0.0
Rennes,,France,0.0,0.0,0.0,0.0,0.0,0.0,0.0,0.0,30.3631904706295,25.502399128403695,0.0
Lille,,France,0.0,0.0,0.0,0.0,0.0,27.4826958105647,28.831876489953498,28.827530228392302,29.6625014597688,29.102957308200303,29.782647905639703
Moscow,,Russia,16.2717168447178,13.163568108687901,11.9924404374632,12.545999727409,10.328748324538902,6.5288083550599,5.72422054869586,7.62915148224216,7.55504565042395,7.2131559586428295,6.64898899462998
Saint Petersburg,,Russia,0.0,15.492789893933999,11.081162024558301,10.9115022908126,9.56181846364735,7.245830712299661,6.052101448296191,7.58431218522292,7.48346263687986,7.15007330678642,7.2961564844175495
Lausanne,Canton of Vaud,Switzerland,0.0,52.94117647058821,63.9175257731959,40.625,0.0,71.0130694266072,53.9006114099205,62.3628486223906,60.021275010973795,61.1449602057936,63.092720277063506
Novosibirsk,Novosibirsk Oblast,Russia,0.0,0.0,0.0,0.0,10.7383703449165,6.390569059291691,5.52706123571933,8.20923703351011,8.72156306891889,8.32720162514391,7.79268048727061
Yekaterinburg,Sverdlovsk Oblast,Russia,0.0,0.0,0.0,10.9717868338558,10.022478988588698,8.65300032433916,5.88580510090166,7.77884984922899,8.13808110630561,7.906358246430731,7.19224668032459
Samara,Samara Oblast,Russia,0.0,0.0,0.0,0.0,11.4542617012442,0.0,6.73207124929106,8.85481780993177,7.51335683752164,7.992799353245079,7.28583947996845
Omsk,Omsk Oblast,Russia,0.0,0.0,0.0,0.0,0.0,0.0,0.0,0.0,8.81112505187728,6.87278925279035,7.84019683170519
Kazan,Republic of Tatarstan,Russia,0.0,0.0,0.0,0.0,0.0,9.04407270186994,5.88790214637679,7.210977869969191,7.1185278497516595,6.577513862670469,5.71873180665555
Chelyabinsk,Chelyabinsk Oblast,Russia,0.0,0.0,0.0,0.0,0.0,8.85695395631401,7.07021181432394,8.03655081759484,7.04206881307237,6.98915393855188,0.0
Ufa,Bashkortostan,Russia,0.0,0.0,0.0,0.0,0.0,0.0,0.0,0.0,5.51488163434919,6.234105807076499,5.97518031264804
Volgograd,Volgograd Oblast,Russia,0.0,0.0,0.0,0.0,0.0,0.0,0.0,0.0,9.32297841774198,8.01825412825541,5.701961332149231
Perm,Perm Krai,Russia,0.0,0.0,0.0,0.0,0.0,0.0,0.0,0.0,8.751497769539041,8.8846824567727,8.37475570659418
Krasnoyarsk,Krasnoyarsk Krai,Russia,0.0,0.0,0.0,0.0,0.0,0.0,0.0,0.0,7.3833058647237895,7.381884752997039,4.70411809902311
Beijing,,People's Republic of China,17.5953079178886,25.5023183925811,27.032967032967,18.996103569633,19.7138925336832,23.4044019632715,18.454256274447104,15.664068245330201,15.4415481181796,13.8077083765783,13.5905734661567
Vladivostok,Primorsky Krai,Russia,0.0,0.0,0.0,0.0,0.0,0.0,7.63593121166963,0.0,11.483772894770699,9.496945149310312,8.891495952320199
San Antonio,Texas,United States of America,0.0,87.5,38.3333333333333,57.148333333333305,51.0,44.811875,48.8842307692308,55.5333333333333,57.523333333333305,59.798,66.89473684210529
Tomsk,Tomsk Oblast,Russia,0.0,0.0,0.0,13.5841170323929,0.0,0.0,0.0,0.0,6.221031554485919,5.65096005229429,6.3239934774746
Tbilisi,,Georgia,0.0,0.0,18.565932058931,15.7994460694225,13.416563100214699,10.6085621596571,12.3848663522013,14.7213808555662,16.6876824328126,16.3894013495945,15.6510989010989
Maribor,Maribor City Municipality,Slovenia,0.0,0.0,0.0,0.0,0.0,0.0,24.6906572823249,0.0,40.5815718790144,40.4563087855752,0.0
Aachen,North Rhine-Westphalia,Germany,0.0,0.0,0.0,0.0,0.0,31.1475409836066,0.0,37.0857590685177,32.462921873175304,35.6735095927825,30.339332913221696
Stuttgart,Baden-Wurttemberg,Germany,0.0,36.207729468599,27.983539094650197,45.0108225108225,29.3863110627296,27.806921675774102,32.239754796231104,27.5406777130915,33.0094593016466,31.970578029505898,32.8015935236808
Karlsruhe,Baden-Wurttemberg,Germany,0.0,0.0,0.0,0.0,0.0,0.0,29.515268475422896,0.0,34.1261499733998,31.005842978351897,37.600979567680895
Hamburg,,Germany,35.8024691358025,27.004830917874397,26.748971193415603,27.054112554112603,32.884292647525704,24.6608807457409,27.3470314451129,31.6678395496129,37.9695589551948,34.9757848470602,34.99989979669861
Ahmedabad,Gujarat,India,14.5491803278689,17.2375444839858,13.039355144618302,27.138643067846605,15.438495520422098,22.9635951220608,15.9940039687714,11.2024805884271,10.099508036234301,8.569119455546879,9.457178088628538
Prague,,Czech Republic,0.0,28.659611992945297,22.3824786324786,21.656534954407302,20.938481863798103,17.1337647060027,17.4790054690909,19.7856907321747,22.377534871150605,21.6167761581454,20.9055549253188
Mumbai,Maharashtra,India,20.130500431406396,19.857512233096102,20.759929970456298,25.349700256922603,25.256408621652998,19.2269110127937,18.6967777526585,17.436088145237502,13.0171190763047,10.726061161072801,10.739385854845901
Jerusalem,Jerusalem District,Israel,0.0,43.859649122807,20.7692307692308,0.0,26.654394139868497,21.6352980662484,20.768231794321498,25.236244123972398,25.2147765806438,26.7975243375116,24.5552922365303
Grenoble,,France,0.0,0.0,0.0,0.0,0.0,0.0,32.7934814142102,0.0,42.430612324341205,28.1701702149888,20.7829069497299
Dortmund,North Rhine-Westphalia,Germany,0.0,0.0,0.0,0.0,0.0,0.0,0.0,0.0,0.0,0.0,36.0509210910135
Ghent,Flemish Region,Belgium,0.0,0.0,0.0,0.0,0.0,0.0,40.0416928967275,40.3045230631438,52.16240414185061,40.1098450080966,49.8789766793517
Chicago,Illinois,United States of America,28.0,40.698,39.4,45.4433333333333,38.5,43.333095238095204,52.4159677419355,60.0625,61.758533333333304,63.0142028985507,65.1655813953488
Montevideo,Montevideo Department,Uruguay,0.0,55.012,40.7137518684604,47.0081135902637,32.4074074074074,28.1298983712777,27.342214844609,34.8393048318501,34.1075641120075,32.6367265599785,31.760325584263303
Tolyatti,Samara Oblast,Russia,0.0,0.0,0.0,0.0,0.0,0.0,0.0,0.0,0.0,7.19097394041954,0.0
Pittsburgh,Pennsylvania,United States of America,0.0,45.0,40.0,0.0,43.57,53.8823529411765,58.925,74.2833333333333,75.44444444444441,72.6428571428571,71.098
Philadelphia,Pennsylvania,United States of America,40.0,44.995,150.0,51.25,0.0,61.291000000000004,57.5784210526316,68.2638888888889,66.1085185185185,66.531,58.4705882352941
Kolkata,West Bengal,India,28.034224906528603,20.3884934756821,15.748831538305199,23.156342182890896,20.9829956056819,17.4295810748925,20.6951900758384,13.927595594778099,9.84714156175193,8.830893217106992,9.26610788485857
Chennai,Tamil Nadu,India,23.111056329348003,25.763641755634602,16.0028449502134,20.3199455411845,22.2497989794597,20.0994697803376,18.5648173666362,16.096743948803,14.565230078954801,13.0766561798313,10.9708248541419
Delhi,,India,20.2221742881795,22.3494958481613,23.292685724774,22.9166666666667,25.190205762523398,24.3918946871975,22.0581030386832,17.4912637644245,13.288790379337302,11.4231713129661,10.774375190544697
Dhaka,Dhaka Division,Bangladesh,0.0,30.0,37.965530068195896,40.591855440618,40.8602150537634,47.7450127056011,39.4509708602352,21.0078883319313,27.991546917157898,27.9111731254132,28.589150511358
Hyderabad,Telangana,India,23.727351164797202,21.204033214709398,17.8550260787103,16.6310649984742,14.093301331640598,12.805962923868899,11.668544800458,12.4380360334688,11.670477824697402,10.522137342854402,10.0665754536355
Islamabad,Islamabad Capital Territory,Pakistan,17.1666666666667,22.5536,31.0308147506675,27.854111752939602,31.8973873447397,29.199587770525604,39.0053166069295,36.1631218084851,24.417323156775698,22.0053610041752,20.6123488358069
Zagreb,,Croatia,24.6913580246914,28.0385322092521,24.590163934426197,27.202555230236896,26.418343688000803,23.8960695551132,23.4623751218826,24.467264554283105,26.342022047003002,24.0904978094938,26.122679367639105
Genoa,Liguria,Italy,0.0,0.0,0.0,32.2510822510822,0.0,0.0,0.0,30.228392297357804,29.1953754525283,31.341646331908002,33.753667626391604
Manila,Metro Manila,Philippines,31.751172599784304,27.062553158586603,43.513312852022494,63.7793873189266,63.2840667823644,65.7434642722524,52.020388269026796,48.259884582754495,55.364246800962896,50.1725266696271,52.9989161515442
Quezon City,Metro Manila,Philippines,0.0,0.0,0.0,0.0,0.0,70.113741406853,0.0,0.0,51.113645001900395,33.860268268998,51.89639382736079
Bordeaux,,France,0.0,0.0,0.0,0.0,0.0,0.0,33.8668785711583,28.884908195253,37.9345245046518,28.7831445905278,0.0
Buenos Aires,,Argentina,34.59482,33.4905,35.0369873228934,34.4518965517241,36.875,46.206,37.2876113325615,49.2571050476935,47.9081395210081,33.2662331776307,30.6024248415801
Mexico City,,Mexico,47.921826625387,43.503313166234506,24.390243902439,34.0642963593783,34.9162282508179,24.954757160942002,22.7390635231531,26.7546104418366,26.831101669506896,26.7864425616085,25.450780403583398
Tokyo,,Japan,26.6871389924691,33.3726357160403,48.128342245989295,35.370124053313106,38.620195636878705,33.009514271407106,36.251998820114004,35.5259721619691,42.373939708337204,43.104608775354606,41.9090470574107
La Paz,La Paz Department,Bolivia,0.0,0.0,0.0,0.0,0.0,0.0,0.0,0.0,43.1053222657015,43.679115655873794,49.6866036719597
Barcelona,Catalonia,Spain,24.6913580246914,49.2753623188406,42.04826038159371,45.3463203463203,47.1649727330772,39.6295081967213,40.6283047839829,47.1425682215449,49.466824195307204,48.1053850420749,45.7888816406658
Makati,Metro Manila,Philippines,0.0,0.0,92.15668202764981,51.4525449220296,40.288955429012795,43.751009638683996,65.9625421561221,0.0,0.0,52.2552792576876,0.0
Nagpur,Maharashtra,India,0.0,0.0,0.0,0.0,0.0,0.0,0.0,0.0,0.0,13.653486022423301,0.0
Abu Dhabi,Emirate of Abu Dhabi,United Arab Emirates,0.0,81.6666666666667,72.9741144414169,81.6833181955798,79.9052571397457,86.6751971540842,88.4988376902124,106.83722799486799,107.601405054561,102.61027885376998,101.023924937679
Athens,Attica Region,Greece,24.6913580246914,31.553945249597398,25.5854844743734,24.8874458874459,25.9991641233987,21.411271181763002,23.8267852781418,26.7813604020501,37.2312648318016,33.9973075509672,36.253705765620104
Caracas,Capital District,Venezuela,0.0,57.5,40.052170506797204,63.8751761893552,50.684246020260495,0.0,4.625,0.0,7.333076923076921,10.375,9.1125
Pune,Maharashtra,India,20.4918032786885,21.9242501270971,24.393225462304397,23.7014236244709,26.2555013471365,22.221166044537398,21.3955134569297,21.6667392179814,16.475342872741898,13.157070710900301,12.4014041517428
Guatemala City,Guatemala Department,Guatemala,0.0,0.0,0.0,0.0,0.0,52.86452108278829,53.113503920391395,56.1938691551903,73.3055372115185,88.4371611599029,67.0275136555757
Valenzuela,Metro Manila,Philippines,0.0,0.0,0.0,0.0,0.0,41.2620633125722,0.0,0.0,0.0,0.0,0.0
Osijek,Osijek-Baranja County,Croatia,0.0,0.0,0.0,23.0968858131488,0.0,21.385126447759898,22.0503836162629,21.4539719385069,23.0862889581126,0.0,23.0503861818353
Rijeka,Primorje-Gorski Kotar County,Croatia,0.0,0.0,26.885245901639298,32.8719723183391,33.5230980131578,25.014912736438998,25.272357478000004,26.062043376003103,25.742793440963897,0.0,24.712532834718598
Split,Split-Dalmatia County,Croatia,0.0,0.0,25.2765027322404,22.1453287197232,0.0,20.9775298735785,25.733192681782104,28.7060187909599,27.4135154786521,24.972695516648997,28.851807534107397
Hanover,Lower Saxony,Germany,0.0,0.0,0.0,0.0,0.0,0.0,30.0001621718048,0.0,35.2351023961441,30.6700396247957,42.149007716926604
Düsseldorf,North Rhine-Westphalia,Germany,0.0,0.0,30.8641975308642,0.0,36.286116024856,25.409836065573803,32.586993248883196,35.440613026819896,33.4773638522325,37.7741461266949,36.370087162027204
Dubrovnik,Dubrovnik-Neretva County,Croatia,0.0,0.0,0.0,0.0,0.0,0.0,0.0,0.0,0.0,0.0,54.885815906026295
Munich,Bavaria,Germany,0.0,27.170289855072497,33.8271604938272,30.5194805194805,31.448156211729497,24.6425475786697,27.645697852304696,30.2521165205894,36.6760647970504,38.22652883043121,40.360373711410396
Dresden,Saxony,Germany,0.0,0.0,0.0,0.0,0.0,27.318761384335197,27.6677261891248,0.0,33.8666355249329,33.5803353556158,48.6171573288324
Innsbruck,Tyrol,Austria,0.0,0.0,0.0,0.0,0.0,0.0,0.0,28.414688759516302,0.0,36.7984508271956,0.0
Vienna,,Austria,43.209876543209894,23.9130434782609,21.584362139917697,27.625231910946198,27.860933460334703,23.0948477751756,25.8487414729535,27.214165145199598,35.241680462912704,34.666099532114,37.7027573316934
Stockholm,Stockholm County,Sweden,27.6641091219096,36.504065040650396,27.5103163686382,31.1010406176569,38.0848477602423,28.7134138302314,29.1920292903444,34.275698328473304,32.200192419513996,31.739346259721103,28.3541152394774
Helsinki,Uusimaa,Finland,29.506172839506196,28.9855072463768,24.6913580246914,24.891774891774897,24.935365355830697,20.6067458074242,22.088205244636196,22.633975220182098,28.419265055081897,24.8102711052408,24.0265249272413
Dublin,,Ireland,33.9506172839506,53.3333333333333,43.3641975308642,44.2486085343228,46.529384194372604,44.163544106167,49.352061266012896,54.0472458575907,60.2319775029387,60.2810071345297,57.993716991843606
Reykjavik,,Iceland,0.0,36.2221304233077,50.5113494637067,0.0,59.463838562380296,61.17388292894421,56.0147459559324,62.07775458359,68.283680760683,65.736168389839,67.094300670943
Tallinn,Harju County,Estonia,17.753235704739602,28.198067632850197,19.7530864197531,0.0,23.1323989658457,17.1733021077283,17.3336709833475,22.440078661967696,25.9170933289079,25.9349741812471,25.747395299397503
Riga,,Latvia,0.0,20.557030133475102,17.723515932250898,18.0932343222275,15.286579888971698,12.6939890710383,13.3985444179564,15.4423460012045,17.596718644679,17.833597670845002,17.5010347204154
Bratislava,Bratislava Region,Slovakia,18.5185185185185,21.7391304347826,16.8724279835391,15.464285714285701,16.9184015965891,14.928961748633899,15.3368786584816,16.8243394536498,19.096339042334698,17.6792470329375,16.8861118966555
Budapest,,Hungary,29.1346598107161,28.4306019059087,19.4348469891412,16.2961503087636,19.610077387505697,13.8754880582518,15.0688642951741,15.6629567531741,15.5424665206148,14.159070386211901,15.103968066776302
Gdansk,Pomeranian Voivodeship,Poland,0.0,29.197080291970803,16.195856873823,12.5379939209726,14.2180873795983,13.5397031884674,12.324388353235301,13.175318682200599,15.9137071043025,13.542125476196,14.349064094096502
Frankfurt,Hesse,Germany,0.0,32.318840579710105,30.8641975308642,30.3030303030303,31.977139746904303,25.601092896174897,27.222159155409198,30.7368637110016,34.8355049131646,33.926174211692,35.334262391779
Wroclaw,Lower Silesian Voivodeship,Poland,0.0,20.6204379562044,15.662557781201901,16.5906788247214,14.0624828780258,11.5081705702489,11.4372314732901,13.3941979957951,14.543317917419698,13.533854195262801,13.7785462524435
Kochi,Kerala,India,0.0,21.1298932384342,30.8202939781887,23.0619469026549,19.1381818980683,17.2535764816853,22.924192907726102,18.1519561402146,13.860313447658699,8.22243269350383,10.958722292149199
Kaliningrad,Kaliningrad Oblast,Russia,0.0,0.0,0.0,0.0,0.0,0.0,5.99431001649204,8.01567665962707,7.35212820075608,7.366911355932139,6.200882948712279
Luxembourg,,Luxembourg,0.0,0.0,52.469135802469104,0.0,51.367532997686794,43.9587128111718,44.5891377325138,49.174962968066396,56.193798902253896,52.54700625091721,60.293268513502
Phnom Penh,,Cambodia,0.0,0.0,53.3333333333333,86.25,26.3333333333333,36.75,25.62375,30.5,33.6666666666667,20.0,30.142857142857103
Ho Chi Minh City,,Vietnam,0.0,23.0,16.4064748201439,0.0,0.0,11.376188839234601,13.822307446468502,13.106031948496302,11.422710088057801,11.376061673486399,11.2125811818799
Hanoi,,Vietnam,0.0,0.0,13.228883559818803,0.0,14.9795017344686,11.641266567358,12.5776783494904,8.474335993245731,11.469786718142199,10.4078118347109,9.935254314905489
Bangkok,,Thailand,17.4149450097646,20.2850513755386,21.854356715948402,21.0448264239973,20.581654897964803,18.5643307378569,17.360993651853,20.818878224883303,23.6722094348958,22.087572646797,20.339562434762602
Kuala Lumpur,,Malaysia,38.3435582822086,48.625,47.4213836477987,46.0213032581454,44.4639548412117,43.437589002410796,40.2884924106525,39.97655334114889,37.477417319566605,28.7473564255934,28.245213968215605
Taipei,,Taiwan,21.0,20.0,26.8186389540731,25.9474223284397,20.927964993222197,23.2474398666349,25.015245609886602,24.9247054654974,28.4195979101014,21.6697846973396,20.121383091930603
Odessa,Odessa Oblast,Ukraine,0.0,0.0,0.0,7.862251243781099,4.38615108168145,3.60906054833342,3.30373898173401,3.7446129135608,4.7889276028943,5.698654482707441,6.33661959824233
Concepcion,Biobio Region,Chile,0.0,0.0,0.0,0.0,0.0,35.0543770814593,0.0,0.0,0.0,0.0,0.0
Bologna,Emilia-Romagna,Italy,0.0,0.0,28.111111111111104,32.4675324675325,31.5661994829228,28.901032179720698,32.3146781700534,31.0426250865122,31.375296819650398,30.890177378793602,32.8007370852076
Cagliari,Sardinia,Italy,0.0,0.0,0.0,0.0,0.0,0.0,26.7567260756045,0.0,29.1953754525283,0.0,30.246552078624703
Catania,Sicily,Italy,0.0,0.0,0.0,0.0,0.0,0.0,0.0,0.0,37.370080579236294,35.3712865745819,33.122757951132
Ottawa,Ontario,Canada,36.8589743589744,51.54639175257729,46.9255663430421,44.9786324786325,49.5465061523658,44.1416214923469,45.624376665327,49.7710370069561,54.0609056749964,47.74057676614,48.032879554302
Yerevan,,Armenia,0.0,0.0,24.2749428593476,20.4988092388133,16.3270706769061,14.9064515679637,14.5736769656321,12.7785279497339,16.4799828955571,15.210884317418401,17.6851943581288
Dar es Salaam,Dar es Salaam Region,Tanzania,0.0,0.0,19.1975427145325,85.5602907996992,124.338743612864,0.0,0.0,0.0,72.66562965559551,0.0,0.0
Khartoum,Khartoum,Sudan,0.0,67.5,0.0,0.0,0.0,0.0,0.0,0.0,0.0,0.0,0.0
Verona,Veneto,Italy,0.0,0.0,0.0,0.0,0.0,0.0,0.0,0.0,0.0,0.0,33.0829947363047
Florence,Tuscany,Italy,0.0,28.840579710144898,35.5555555555556,0.0,0.0,23.387978142076502,32.239754796231104,30.454794247897702,32.031497639345396,32.554269553083,35.020547749707106
Essen,North Rhine-Westphalia,Germany,0.0,0.0,0.0,0.0,0.0,0.0,0.0,0.0,38.056755809879704,36.042893281694205,0.0
Leipzig,Saxony,Germany,0.0,0.0,0.0,0.0,0.0,18.306010928961697,32.2374843909638,29.8552022689954,37.2241037019736,35.3393053028147,34.1963647514688
St. John's,Newfoundland and Labrador,Canada,0.0,0.0,0.0,0.0,0.0,49.178890306122504,53.4008023340627,0.0,67.3601194357758,0.0,0.0
Nuremberg,Bavaria,Germany,0.0,0.0,0.0,0.0,20.410940263981498,27.3196721311475,23.837993970812697,35.5463502015226,39.8725413323101,33.720253419597505,39.167344978913796
Edmonton,,Canada,43.269230769230795,33.5051546391753,33.0097087378641,47.542735042735,50.1607190385521,48.48647048104961,48.92153798061889,56.066549952874205,56.527723347568795,56.2985390107775,62.2730763584863
Mannheim,Baden-Wurttemberg,Germany,0.0,0.0,0.0,0.0,0.0,0.0,30.2720702312029,0.0,31.531005488730603,27.9612259061094,34.0668957239911
Regina,Saskatchewan,Canada,0.0,0.0,38.8349514563107,62.5,0.0,34.1643130466472,45.238746483275996,43.0530056182347,54.9104406237452,55.349346672608995,49.5349541947365
Victoria,British Columbia,Canada,0.0,0.0,44.150485436893206,0.0,46.8337325717094,46.4080721574344,51.844326351984996,53.517346931430595,61.2698800006015,57.72969792845671,59.5772295724509
Winnipeg,Manitoba,Canada,33.974358974359,41.237113402061894,48.048543689320404,46.15384615384621,45.69743873226461,47.7105351068999,46.3799828750832,48.9983912194883,57.5265150362401,51.8222764835285,62.1008065456071
Fredericton,New Brunswick,Canada,0.0,0.0,0.0,0.0,59.885756403169296,52.48193027210879,0.0,0.0,62.046276953280895,0.0,56.45527867782471
Halifax,Nova Scotia,Canada,48.0769230769231,59.2783505154639,46.1165048543689,53.205128205128204,61.8113138013636,58.70478771865889,61.312638460388406,63.10349375852061,67.4518989765782,68.1368842650797,73.14828507074759
Quebec City,Quebec,Canada,0.0,0.0,50.0873786407767,0.0,0.0,41.9323979591837,40.3915286026883,48.715351270209105,47.0749116187827,49.0973530825061,52.6673115923448
Birmingham,England,United Kingdom,0.0,22.122950819672102,30.7692307692308,0.0,0.0,32.7883091220985,27.3062551560149,32.660833616491104,39.6668610624184,38.169868554095004,34.3272269392923
Minsk,,Belarus,0.0,0.0,19.1,18.8905975392103,20.0733349870915,11.9842949796099,9.594248844206382,12.551527905449099,14.1238910399723,14.1970971318507,12.0406692130423
Nassau,,The Bahamas,0.0,0.0,0.0,0.0,0.0,37.5,38.8,0.0,69.28571428571429,71.3125,51.2475
Naples,Campania,Italy,0.0,0.0,39.0946502057613,0.0,0.0,0.0,26.7907821546146,33.363188535602305,30.681685475566102,34.561627377674306,32.0093879359679
Palermo,Sicily,Italy,0.0,0.0,0.0,0.0,0.0,0.0,30.1963900556249,31.7211524108076,0.0,29.3827934361638,0.0
Parma,Emilia-Romagna,Italy,0.0,0.0,0.0,0.0,0.0,0.0,29.677440280232897,0.0,33.366143374318106,34.5131224488273,0.0
Augsburg,Bavaria,Germany,0.0,0.0,0.0,0.0,0.0,0.0,0.0,0.0,32.6988205068317,36.8264344399919,0.0
Madrid,Community of Madrid,Spain,49.38271604938271,51.1272141706924,39.986282578875205,45.8522727272727,47.9966352874232,36.596409055425404,38.975110231779496,41.116760183697295,49.20150648137339,46.8194231255278,46.8637889035909
Freiburg im Breisgau,Baden-Wurttemberg,Germany,0.0,0.0,0.0,0.0,0.0,0.0,0.0,37.8414688759516,0.0,0.0,0.0
Bogota,,Colombia,0.0,27.254333333333303,45.8885119713583,36.8227248816412,37.1779969277666,31.0874578347354,26.4363598861831,33.8644837726031,34.9595350135204,31.6721198259262,28.2804023500812
Brasilia,Federal District,Brazil,0.0,44.8101265822785,44.322660098522206,26.4797507788162,33.4313849998112,22.0345777352489,25.8206288365659,36.1399228441471,35.82513411071229,32.4278870655387,21.223712838378397
Lima,Lima region,Peru,0.0,0.0,46.25,60.3233830845771,63.199711087035,41.940343689060704,46.4195338512764,43.3518929101906,38.0556199974144,37.5741399762752,32.5815093555396
Santiago,Santiago Metropolitan Region,Chile,53.7592,40.75,40.066615176675,36.615405099527294,47.9279110254019,36.3004721904136,34.4762775464646,40.2065492909502,41.3433917810702,35.94100181700421,31.6458163290262
Quito,Pichincha Province,Ecuador,0.0,47.0,48.71428571428571,60.0,38.3333333333333,36.2142857142857,33.4678176222313,36.1428571428571,38.2,40.925925925925895,39.5909090909091
Asuncion,Capital District,Paraguay,0.0,0.0,0.0,0.0,0.0,0.0,50.2831430435274,45.231441673831995,32.865484099067004,29.302861557342,33.064335550854395
Heidelberg,Baden-Wurttemberg,Germany,0.0,0.0,0.0,0.0,0.0,0.0,0.0,33.213912524257395,31.920277161431,36.9361302021536,0.0
Paramaribo,Paramaribo District,Suriname,0.0,0.0,0.0,0.0,0.0,0.0,0.0,33.7346192218158,27.785216925549,31.9125435773666,0.0
Kathmandu,Bagmati,Nepal,0.0,0.0,26.7351184887253,29.290336978353,11.362918509159801,53.3590961680564,22.8088621409715,19.632653201151896,18.4993635637931,18.3608116928306,17.3464501612011
San Jose,San Jose Province,Costa Rica,0.0,47.5,51.922503446917496,0.0,54.1422027906755,42.286059926620496,43.8108660094904,54.612036489497605,77.48983372415009,67.8359337597131,57.4075180458141
San Salvador,San Salvador Department,El Salvador,0.0,0.0,0.0,0.0,48.3333333333333,50.8,45.4,61.0,46.8888888888889,46.6666666666667,46.625
Canberra,Australian Capital Territory,Australia,42.3728813559322,53.1914893617021,67.9611650485437,51.2820512820513,62.9362214199759,52.7597155677238,52.856433184302,57.1976034204167,53.066656400571006,53.45267020379829,50.8575378074648
Sydney,,Australia,42.362288135593204,63.062310030395096,54.1601941747573,61.538461538461505,60.984693794207494,53.0054134776927,48.708224129365995,52.8978625269285,52.3018888861211,48.3993026048586,49.9682512575595
Melbourne,Victoria,Australia,29.081920903954803,53.1914893617021,50.8629989212514,62.22527472527471,63.2047597376059,50.882875395195704,52.3836841353123,55.05544317693089,53.22706414573629,48.623478800500706,47.9214010440059
Perth,Western Australia,Australia,56.2146892655367,63.8297872340426,66.901147396293,69.5336538461538,71.19858681230521,56.6039785752311,54.24739195231,56.7859540018607,54.9155486675726,49.0507681908694,48.589321913386
Tegucigalpa,Francisco Morazan Department,Honduras,0.0,0.0,0.0,0.0,0.0,0.0,0.0,0.0,37.5555555555556,69.28571428571429,0.0
Managua,Managua Department,Nicaragua,0.0,0.0,0.0,0.0,0.0,0.0,0.0,0.0,57.1394338138356,62.5483034665251,0.0
Panama City,Panama Province,Panama,0.0,34.99,40.0,38.996666666666705,34.991666666666696,42.595,39.3691581895916,46.4782608695652,55.15384615384621,46.2760869565217,46.427619047619
Zadar,Zadar County,Croatia,0.0,0.0,0.0,0.0,0.0,0.0,0.0,0.0,0.0,38.0729317135995,0.0
Trento,Trentino-South Tyrol,Italy,0.0,0.0,0.0,0.0,36.286116024856,0.0,28.663866500170304,0.0,0.0,0.0,0.0
Voronezh,Voronezh Oblast,Russia,0.0,0.0,0.0,0.0,0.0,0.0,0.0,6.47698580248321,7.19293682091065,5.647778205418001,4.9892161656305705
Bari,Apulia,Italy,0.0,0.0,0.0,0.0,0.0,0.0,24.974457940742397,0.0,0.0,30.2223018200542,0.0
Rabat,Rabat-Sale-Kenitra,Morocco,0.0,0.0,0.0,0.0,0.0,26.587547544292804,23.2131568857063,21.948933193260398,34.4653608762626,33.0091571641682,30.6403089196799
Algiers,Algiers Province,Algeria,0.0,0.0,0.0,34.2639593908629,0.0,32.8930849193994,35.1116983309794,40.9318930231127,19.740794781563803,24.056953278116797,45.178261106631496
Tunis,Tunis Governorate,Tunisia,0.0,0.0,24.9703635530407,22.9677914110429,23.502963417126498,22.0935547767789,19.7489067569474,18.4194890077243,20.902119225267,18.5046052350378,15.196334319355
Tripoli,,Libya,0.0,0.0,0.0,21.1640211640212,26.2295081967213,0.0,27.062267818043104,0.0,0.0,0.0,0.0
Tehran,Tehran Province,Iran,23.0,32.3333333333333,37.3978272613288,49.54325585934809,55.6412,64.9134782608696,84.3928285322327,56.4880367756091,29.1762090503483,18.2319460532514,19.698460156354198
Addis Ababa,,Ethiopia,0.0,0.0,305.0,0.0,0.0,0.0,259.6425,0.0,0.0,0.0,0.0
Jakarta,,Indonesia,24.5557350565428,42.9354582481943,44.221136178226395,39.8622198145896,34.473067445560304,28.534127353661198,25.745831400517698,36.337909528813206,29.6213104810749,27.479626021356303,30.335448908800203
Ankara,Ankara Province,Turkey,0.0,30.9439141694414,28.6651654796816,28.4391534391534,26.8840268840269,19.3522244578583,18.9550652186405,19.1160705572848,18.6178723957576,16.2607302828978,15.476192981252801
Krasnodar,Krasnodar Krai,Russia,0.0,0.0,0.0,0.0,0.0,0.0,5.72106511545536,8.55283832466457,8.27078169487422,7.636432503100389,7.588360862521441
Riyadh,Riyadh Province,Saudi Arabia,0.0,79.0,63.8571428571429,67.9703703703704,51.5432200052507,40.4279074297149,41.0574561442492,57.748526495610506,61.7082279324782,64.8870539688009,61.345336067684094
Belgrade,Belgrade District,Serbia,16.8724279835391,26.570048309178702,23.576362647388898,20.768289869604303,19.195475249779502,14.435809274290301,14.836756713491,18.690174381341897,24.386718574944602,23.9475712114781,22.753068510299002
Accra,Greater Accra Region,Ghana,0.0,0.0,45.361597749577896,130.919866013914,83.7233333333333,0.0,0.0,53.510187525809606,0.0,56.617993755313705,49.2137448146452
Amman,Amman Governorate,Jordan,63.17580600000001,47.5,43.147345612134295,44.9530516431925,42.615353616764104,38.772821381517,41.2214170024421,50.213524801727,45.393042735548704,43.16666190644771,44.6143567663871
Beirut,Beirut Governorate,Lebanon,56.6666666666667,46.6666666666667,60.2108300044385,66.5468135847095,62.197867079966,63.6706374284881,66.6831240500004,50.0599880040657,45.457879104917495,55.6369871312999,51.9032238317459
Muscat,Muscat Governorate,Oman,0.0,52.0,83.3333333333333,63.5964912280702,64.1929499072356,59.7402597402597,60.176351709889005,60.78711520976751,73.01741267130879,74.65491587897941,81.8059345713298
Kigali,Kigali province,Rwanda,0.0,0.0,0.0,0.0,0.0,377.906976744186,0.0,0.0,0.0,0.0,0.0
Doha,Ad Dawhah,Qatar,82.28371042897629,93.65899999999999,100.68089743589701,91.5227629513344,85.0204653462627,72.04286303063608,70.0408765890147,71.53066291902358,84.78099005245541,89.58645979477501,84.918709823669
Nairobi,,Kenya,0.0,0.0,45.6926892642022,43.85440338077579,55.840455840455796,44.3367004746082,41.9278917194337,50.145251014554006,65.74418478148729,58.1682749861623,59.8775958455434
Manama,Capital Governorate,Bahrain,0.0,0.0,60.192322861465904,51.3513513513514,46.27173592690829,44.09814323607429,36.756347101174704,45.7232220955814,41.3007622108616,52.424189706915996,60.5203076935919
Maputo,,Mozambique,0.0,0.0,0.0,0.0,0.0,0.0,0.0,77.05579828405259,225.83507789537003,0.0,0.0
Kampala,,Uganda,0.0,0.0,0.0,0.0,0.0,0.0,81.96721311475409,0.0,80.8447210546958,0.0,69.0640247516843
Luanda,Luanda Province,Angola,0.0,0.0,180.0,0.0,173.333333333333,0.0,0.0,0.0,0.0,0.0,0.0
Gaborone,South-East District,Botswana,0.0,0.0,0.0,0.0,0.0,0.0,0.0,0.0,58.3003283112626,41.034223789435394,73.6885311788832
Harare,,Zimbabwe,0.0,0.0,0.0,86.6666666666667,94.28048142333859,0.0,95.8,111.6,119.666666666667,0.0,104.833333333333
Pretoria,Gauteng,South Africa,0.0,87.4264705882353,94.11764705882351,39.7448641484427,66.8077788067205,67.63820515328361,55.480938072664,82.0487605771642,84.35159837638459,62.700000987566995,50.6299197199335
Port Louis,Port Louis District,Mauritius,0.0,0.0,0.0,0.0,0.0,0.0,0.0,45.562249818329,40.5206721129151,0.0,0.0
Windhoek,Khomas Region,Namibia,0.0,0.0,0.0,125.03495746534901,321.013910053184,0.0,40.9028313250634,0.0,72.0963486607665,41.7226230078887,48.15933907585939
Glasgow,Scotland,United Kingdom,0.0,37.7704918032787,30.7692307692308,28.2828282828283,0.0,27.5151576565165,34.3295274144015,31.4305130818892,39.105885105988605,33.8846357552121,39.0824765628966
Curitiba,Parana,Brazil,24.7252747252747,45.56962025316461,24.6305418719212,39.1355140186916,34.2688858150016,26.3480199729925,22.917086947750697,34.9425845355157,37.648050169200204,34.189315314343,23.041257556274
Surat,Gujarat,India,0.0,0.0,0.0,38.3480825958702,0.0,14.4631347272441,22.372726809179397,0.0,12.342466262686301,7.18604527495965,7.58255027285071
Pula,Istria County,Croatia,0.0,0.0,0.0,0.0,0.0,0.0,26.329567651382398,0.0,24.6675416264765,0.0,0.0
Hangzhou,Zhejiang,People's Republic of China,0.0,0.0,0.0,0.0,0.0,0.0,0.0,0.0,0.0,11.1511781147268,16.182590055062803
Seattle,Washington,United States of America,0.0,47.495,45.0,49.875,51.8888888888889,54.3274468085106,57.6295897032374,64.7704918032787,65.3082978723404,64.5297402597403,64.462380952381
Baltimore,Maryland,United States of America,0.0,0.0,0.0,48.0,68.4966666666667,54.75,60.3861111111111,60.0,68.9285714285714,76.3627272727273,68.1483333333333
Adelaide,South Australia,Australia,0.0,47.8723404255319,47.572815533980595,62.5,66.6481532907526,49.0239093935193,47.186723795330295,53.5175525145496,56.5361490339315,47.1539974545875,49.342110177906505
Saratov,Saratov Oblast,Russia,0.0,0.0,0.0,0.0,0.0,0.0,0.0,0.0,6.85465513873911,6.88975910279724,6.652288220840759
Izhevsk,Udmurt Republic,Russia,0.0,0.0,0.0,0.0,0.0,0.0,0.0,0.0,7.0951403496362495,6.910971415305849,5.95854959209594
Cape Town,Western Cape,South Africa,68.7554395126197,65.07352941176471,86.31372549019609,70.4108681245858,70.4329405215766,68.05404997880869,56.97262365651179,64.1495521124445,72.4024100280742,66.6545369785626,51.8750783492941
Durban,KwaZulu-Natal,South Africa,0.0,0.0,127.450980392157,48.434393638170995,65.53209986203771,45.998405467645505,46.2946387634556,57.690424840686205,74.4577933188048,62.6723008722322,53.2616018351612
Treviso,Veneto,Italy,0.0,0.0,0.0,0.0,0.0,0.0,37.7500283800658,0.0,0.0,29.102957308200303,0.0
Mecca,Mecca Province,Saudi Arabia,0.0,0.0,0.0,0.0,0.0,0.0,0.0,0.0,75.3232902279696,0.0,0.0
Tyumen,Tyumen Oblast,Russia,0.0,0.0,0.0,0.0,0.0,0.0,0.0,0.0,7.7448700918221105,6.75633365711807,7.22723598849914
Kabul,Kabul,Afghanistan,0.0,0.0,0.0,0.0,0.0,0.0,0.0,0.0,155.761602852669,0.0,0.0
Medan,North Sumatra,Indonesia,0.0,0.0,0.0,0.0,0.0,0.0,0.0,50.8533038143341,0.0,0.0,0.0
Barnaul,Altai Krai,Russia,0.0,0.0,0.0,0.0,0.0,0.0,0.0,0.0,0.0,7.309156824396089,0.0
Kemerovo,Kemerovo Oblast,Russia,0.0,0.0,0.0,0.0,0.0,0.0,0.0,0.0,0.0,7.17824655291437,0.0
Portland,Oregon,United States of America,50.0,50.0,48.87375,46.4,56.716,53.5363414634146,54.808253968254,61.7628070175439,62.104385964912304,67.88584905660379,65.0485365853659
Brescia,Lombardy,Italy,0.0,0.0,0.0,0.0,0.0,0.0,0.0,0.0,0.0,35.0727947047542,0.0
Coventry,England,United Kingdom,0.0,0.0,0.0,0.0,0.0,0.0,24.530499344882802,0.0,35.366603581487496,41.0736855409505,0.0
Indianapolis,Indiana,United States of America,33.3166666666667,40.0,47.5,28.5,41.6666666666667,46.6666666666667,55.4375,57.86600000000001,56.18809523809521,57.7272727272727,67.6318181818182
Montpellier,,France,0.0,0.0,0.0,0.0,0.0,29.7814207650273,29.742309002156897,0.0,35.034450543034,35.3690478855582,0.0
Antalya,Antalya Province,Turkey,0.0,0.0,0.0,0.0,23.038911927800797,19.0858450365493,19.479400103430397,17.5058903079371,17.0789312478424,14.7259038408753,15.0292867451706
Varna,Varna Province,Bulgaria,0.0,0.0,9.24050632911392,8.66666666666667,8.59169976079333,8.1865203099923,7.98304691128658,11.264451694139199,11.5296644763767,12.6247611931742,11.8323078037563
Burgas,Burgas Province,Bulgaria,0.0,0.0,0.0,0.0,0.0,0.0,0.0,10.969932844932801,10.6128044634423,13.3238239298543,10.4465324892838
Irkutsk,Irkutsk Oblast,Russia,0.0,0.0,0.0,0.0,0.0,0.0,0.0,0.0,8.77306836263298,7.73188790938915,7.55331690218143
Strasbourg,,France,0.0,0.0,0.0,0.0,0.0,0.0,28.3611457978583,0.0,30.596753474249702,0.0,36.7412105004153
Lugano,Ticino,Switzerland,0.0,0.0,0.0,57.9861111111111,0.0,61.3432046536224,0.0,0.0,60.0694848704203,47.783037021857204,0.0
Yogyakarta City,Special Region of Yogyakarta,Indonesia,0.0,0.0,0.0,0.0,0.0,0.0,0.0,85.6267595064548,0.0,0.0,0.0
Toulouse,,France,0.0,0.0,0.0,0.0,43.0897627795165,30.710382513661198,29.6265183335225,29.2319749216301,28.935953687793003,30.781041288887895,28.327844419158602
Casablanca,Casablanca-Settat,Morocco,0.0,0.0,0.0,0.0,0.0,22.6180436306736,25.4671129672425,26.0512410315827,33.8013776694171,34.1609681444254,30.8367211563445
Ostrava,,Czech Republic,0.0,0.0,0.0,0.0,0.0,14.425756369426802,11.465663928743998,16.7364493921989,18.408589098879197,17.116554608776802,18.211089121221
Miami,Florida,United States of America,75.0,51.6666666666667,35.0,44.633333333333304,46.0,46.1176470588235,58.54125,54.7391304347826,60.42475,61.6711428571429,67.4579166666667
Karachi,Sindh,Pakistan,0.0,20.0,31.0373457458324,26.438706265973398,22.2830864948942,28.822161442699798,31.342094782954998,29.1278665975034,22.8175024836267,17.4525188824522,21.013379565653
Lagos,Lagos,Nigeria,0.0,0.0,91.6666666666667,79.1156157119336,0.0,72.00870802980829,77.646033594348,0.0,41.5003633209454,45.238095238095205,40.9530708081518
Rio de Janeiro,Rio de Janeiro,Brazil,0.0,49.113924050632896,43.2241379310345,41.2064570943076,33.7687112683635,25.5440756210156,23.967825426325998,36.3619672447441,32.500598182501804,27.7123153924971,21.642212661911696
Seoul,,South Korea,0.0,20.5907015745831,20.5813706768513,26.182737450343105,25.2247853858985,21.951538350367898,22.3411780390005,21.103656640156398,26.0290355477,21.5851266778556,21.3914675925549
Shanghai,,People's Republic of China,21.0166177908113,22.668727460072102,24.267399267399302,22.653000594177104,18.0017281659039,22.693177968773604,16.5181820867701,14.848121922691698,18.434804480893604,15.7220749880523,13.9174944773701
Bilbao,Basque Autonomous Community,Spain,0.0,43.4782608695652,27.7777777777778,0.0,0.0,32.7868852459016,34.0560790101033,0.0,46.712600724045295,56.6388322998052,0.0
Seville,Andalusia,Spain,0.0,47.2826086956522,40.4938271604938,45.2922077922078,0.0,37.3633879781421,39.4482915200363,38.4852216748768,45.4613703475084,41.4157469385928,38.7823888615495
Vigo,Galicia,Spain,0.0,0.0,0.0,0.0,0.0,0.0,0.0,0.0,0.0,46.2662398232928,0.0
Granada,Andalusia,Spain,0.0,0.0,0.0,0.0,0.0,0.0,38.1460519274119,0.0,59.99649655494571,53.728536568985206,34.514470470087105
Valencia,Community of Valencia,Spain,0.0,41.5458937198068,57.613168724279795,45.454545454545496,0.0,36.6120218579235,37.0562573990886,40.8643081056874,47.5884619876212,36.9383688911773,46.2640034113657
Palma,Balearic Islands,Spain,0.0,0.0,0.0,0.0,0.0,34.608378870674,34.907480985355896,0.0,67.5664403329941,43.374599834337,54.276788239249896
Malaga,Andalusia,Spain,0.0,0.0,0.0,41.1255411255411,49.4398330838663,34.3481654957065,37.1211261210126,42.4418841346741,48.3809078927612,41.0370353787489,49.5449656748024
Cancun,Quintana Roo,Mexico,0.0,0.0,0.0,25.1105906843612,0.0,32.2395527729239,26.4166608262485,0.0,27.1574596193644,28.2884205589372,24.826695138548
Guadalajara,Jalisco,Mexico,0.0,0.0,24.390243902439,29.9245381212594,32.4958748759872,25.8641812120782,19.2556971033323,30.377545165200896,25.203515217007,30.460852985858303,25.478535908077397
Baku,,Azerbaijan,0.0,43.4782608695652,37.9357849993757,34.1705414923879,32.508924018358,20.046309512481397,14.173131828001999,13.4295538731719,14.0801342563457,17.4591118537648,18.323537685954303
Bandar Seri Begawan,Brunei-Muara District,Brunei,0.0,0.0,0.0,0.0,0.0,73.449184683623,70.5786711994679,0.0,93.73278044628599,111.427533302237,0.0
Male,Kaafu Atoll,Maldives,0.0,0.0,0.0,0.0,75.4921046939217,0.0,85.6631989596879,0.0,94.55281033969959,0.0,109.223300970874
Bishkek,,Kyrgyzstan,0.0,0.0,110.0,0.0,0.0,0.0,0.0,0.0,16.0791635104609,19.7938272047496,16.7890168815702
Coimbatore,Tamil Nadu,India,0.0,0.0,0.0,19.9085545722714,22.532075818181895,24.105224545406898,16.245230494308903,14.8373636500122,16.549314100895902,11.949740015414697,10.9756283100104
Mysore,Karnataka,India,0.0,0.0,0.0,0.0,0.0,0.0,0.0,14.599220339509499,18.8854604260381,0.0,0.0
Bandung,West Java,Indonesia,0.0,0.0,0.0,53.25183723949021,0.0,32.7798580379994,31.194397122846897,80.11546101388859,39.13829876415421,0.0,29.0871084949147
Saskatoon,Saskatchewan,Canada,0.0,0.0,43.68932038834951,0.0,53.7436275413058,51.3193558673469,42.2006877149109,55.383030075361006,57.104513690255295,60.3960794338157,56.3035171760026
Belfast,Northern Ireland,United Kingdom,0.0,0.0,26.6666666666667,32.575757575757606,0.0,32.5060256660804,28.796040180521196,39.0226809378185,40.5858301050255,32.856962299581106,37.403906931287295
Cardiff,Wales,United Kingdom,0.0,0.0,0.0,32.8282828282828,0.0,32.6759385924913,30.183918086087303,0.0,38.7927433034441,39.284209639366395,41.068846658832605
Sarajevo,Federation of Bosnia and Herzegovina,Bosnia and Herzegovina,21.3991769547325,21.7391304347826,18.3896899207228,17.1418835329763,15.7330927095625,13.459469819535599,14.2229820157873,18.271174210603398,25.325617529340896,25.654517435023397,22.8388652666158
Surabaya,East Java,Indonesia,0.0,0.0,0.0,0.0,0.0,0.0,25.5188339958357,41.573032088049004,30.2170688987955,0.0,30.196362632432603
Darwin,Northern Territory,Australia,0.0,0.0,70.5501618122977,99.35897435897431,112.005924280293,47.912388774811795,58.3705911574764,0.0,52.2048579265456,0.0,0.0
Lahore,Punjab,Pakistan,0.0,28.3333333333333,31.0832671814486,26.2173555418466,29.070298234936104,27.727339647641898,33.2012827768346,24.625667076577802,25.8316371608712,22.181309885682396,18.8564183205415
Wuhan,Hubei,People's Republic of China,0.0,0.0,0.0,0.0,0.0,0.0,0.0,0.0,13.97569579742,0.0,0.0
Nagoya,Aichi Prefecture,Japan,0.0,0.0,0.0,0.0,0.0,0.0,0.0,0.0,0.0,40.8681597783422,0.0
Rajkot,Gujarat,India,0.0,0.0,0.0,0.0,0.0,0.0,0.0,0.0,0.0,10.4858772652211,0.0
Vadodara,Gujarat,India,0.0,0.0,0.0,57.227138643067896,19.4339153931819,16.0352145889011,10.6646297223897,0.0,6.77265986757046,7.44604945854455,8.101484516341571
Alicante,Community of Valencia,Spain,0.0,0.0,43.209876543209894,38.4415584415584,56.6970562888375,37.1584699453552,35.569682521663395,47.2707369259093,38.9141915476144,42.34853403180429,0.0
Nantes,,France,0.0,0.0,0.0,0.0,0.0,26.4437158469945,0.0,0.0,34.2559071976332,0.0,0.0
Detroit,Michigan,United States of America,35.0,32.5,45.0,47.49,41.248000000000005,50.4444444444444,54.6666666666667,54.9988888888889,59.0,51.9090909090909,75.0
Graz,Styria,Austria,0.0,0.0,0.0,0.0,0.0,24.622950819672102,22.9689332879252,28.3950962830273,39.71219847665021,36.406680248046705,43.959559432062505
Pisa,Tuscany,Italy,0.0,0.0,0.0,0.0,0.0,0.0,33.4884776932682,0.0,36.0076297247849,0.0,0.0
Tartu,Tartu County,Estonia,0.0,0.0,0.0,0.0,0.0,14.344262295081998,19.622788382011898,22.615315718764,26.859745416326103,27.4239405404195,0.0
Brno,,Czech Republic,0.0,27.5602586713698,17.6363636363636,19.419115163796,19.3826274228284,14.426751592356698,16.038262037163697,16.3417078994557,20.9685671618696,18.8146742150579,18.2895100791593
Shenzhen,Guangdong,People's Republic of China,0.0,0.0,41.208791208791204,17.9738562091503,21.7300860882645,22.480543991037102,23.5757880157679,18.2379761729666,17.9242195171371,20.6610572861605,17.776329984728104
Nanaimo,British Columbia,Canada,0.0,0.0,0.0,0.0,41.459369817578796,0.0,42.59143482338229,50.019191036561004,66.8823880922596,65.674308854449,0.0
Busan,,South Korea,0.0,0.0,0.0,0.0,0.0,0.0,24.879182097322,0.0,0.0,0.0,0.0
San Diego,California,United States of America,0.0,45.25,37.75,45.0,48.38399999999999,49.935882352941206,53.8328571428571,60.883023255813896,67.54671875,63.6074509803922,62.9396551724138
San Jose,California,United States of America,45.75,48.33,52.5,44.4,43.75,49.6428571428571,51.799,61.8333333333333,61.086956521739104,60.9995,58.77777777777779
Denver,Colorado,United States of America,41.6666666666667,45.0,37.0,52.37375,37.9525,51.5451515151515,55.045576923076894,63.5708571428572,63.469411764705896,56.28547619047621,62.7557575757576
Houston,Texas,United States of America,54.9966666666667,36.0,55.625,52.999333333333304,52.5326666666667,46.5425714285714,51.0903636363636,58.244222222222206,59.3030303030303,60.565384615384595,63.0
Phoenix,Arizona,United States of America,0.0,49.6,35.0,39.75,60.165,51.8268965517241,50.270285714285706,64.6183333333333,69.45386363636361,75.3833333333333,76.5
Dallas,Texas,United States of America,40.0,56.6666666666667,31.0,63.0,45.0,45.148148148148096,50.038571428571395,53.7714285714286,59.9630508474576,65.49978260869571,65.3292
Fort Worth,Texas,United States of America,54.0,0.0,0.0,0.0,55.5,40.4285714285714,46.4523076923077,56.9988888888889,59.461538461538495,57.9158333333333,72.0
